run,tag,transitions,millions,value,wall_time_unix
fixed,loss/policy,12288,0.012288,-4.845547300647013e-05,1790232461.8046582
fixed,loss/policy,1228800,1.2288,0.004164338577538729,1790232561.9581213
fixed,loss/policy,2457600,2.4576,0.004103813786059618,1790232664.2569134
fixed,loss/policy,3686400,3.6864,0.0038488341961055994,1790232767.6874092
fixed,loss/policy,4915200,4.9152,0.006134436000138521,1790232872.5094175
fixed,loss/policy,6144000,6.144,0.005122012924402952,1790232972.4212806
fixed,loss/policy,7372800,7.3728,0.005098570603877306,1790233072.2088587
fixed,loss/policy,8601600,8.6016,0.003121995134279132,1790233169.3468423
fixed,loss/policy,9830400,9.8304,0.0034774579107761383,1790233270.1701748
fixed,loss/policy,11059200,11.0592,0.0038098199293017387,1790233371.0183303
fixed,loss/policy,12288000,12.288,0.0038462080992758274,1790233471.7196887
fixed,loss/policy,13516800,13.5168,0.003686425741761923,1790233570.6589367
fixed,loss/policy,14745600,14.7456,0.0024422728456556797,1790233673.056625
fixed,loss/policy,15974400,15.9744,0.0026699076406657696,1790233775.06708
fixed,loss/policy,17203200,17.2032,0.004443485289812088,1790233876.4419298
fixed,loss/policy,18432000,18.432,0.0031446157954633236,1790233976.8957844
fixed,loss/policy,19660800,19.6608,0.004048651549965143,1790234074.1928363
fixed,loss/policy,20889600,20.8896,0.003727006958797574,1790234174.8638601
fixed,loss/value,12288,0.012288,0.3945004940032959,1790232461.8047917
fixed,loss/value,1228800,1.2288,0.055889666080474854,1790232561.9582517
fixed,loss/value,2457600,2.4576,0.06290736794471741,1790232664.257043
fixed,loss/value,3686400,3.6864,0.060723282396793365,1790232767.687542
fixed,loss/value,4915200,4.9152,0.04355042427778244,1790232872.5095634
fixed,loss/value,6144000,6.144,0.03711400926113129,1790232972.4214284
fixed,loss/value,7372800,7.3728,0.03154009208083153,1790233072.208989
fixed,loss/value,8601600,8.6016,0.02688618190586567,1790233169.3469684
fixed,loss/value,9830400,9.8304,0.025403838604688644,1790233270.170305
fixed,loss/value,11059200,11.0592,0.023204727098345757,1790233371.0184581
fixed,loss/value,12288000,12.288,0.023779883980751038,1790233471.7198162
fixed,loss/value,13516800,13.5168,0.021675974130630493,1790233570.6590638
fixed,loss/value,14745600,14.7456,0.020486226305365562,1790233673.056751
fixed,loss/value,15974400,15.9744,0.019103718921542168,1790233775.0672092
fixed,loss/value,17203200,17.2032,0.018075700849294662,1790233876.4420624
fixed,loss/value,18432000,18.432,0.019056111574172974,1790233976.8959372
fixed,loss/value,19660800,19.6608,0.01857566460967064,1790234074.1929636
fixed,loss/value,20889600,20.8896,0.018833093345165253,1790234174.863986
fixed,penalty/action_rate,12288,0.012288,0.00042448367457836866,1790232461.8137496
fixed,penalty/action_rate,1228800,1.2288,0.0004381712060421705,1790232561.9684353
fixed,penalty/action_rate,2457600,2.4576,0.000443619501311332,1790232664.2660823
fixed,penalty/action_rate,3686400,3.6864,0.00044850981794297695,1790232767.6975667
fixed,penalty/action_rate,4915200,4.9152,0.0004516631888691336,1790232872.5189676
fixed,penalty/action_rate,6144000,6.144,0.00045498390682041645,1790232972.4306
fixed,penalty/action_rate,7372800,7.3728,0.00045839478843845427,1790233072.2179966
fixed,penalty/action_rate,8601600,8.6016,0.00046125968219712377,1790233169.3563983
fixed,penalty/action_rate,9830400,9.8304,0.00046450557420030236,1790233270.180058
fixed,penalty/action_rate,11059200,11.0592,0.0004667604516725987,1790233371.0273936
fixed,penalty/action_rate,12288000,12.288,0.00046787556493654847,1790233471.729641
fixed,penalty/action_rate,13516800,13.5168,0.00046954830759204924,1790233570.6728435
fixed,penalty/action_rate,14745600,14.7456,0.0004713736707344651,1790233673.0655105
fixed,penalty/action_rate,15974400,15.9744,0.00047209145850501955,1790233775.0759869
fixed,penalty/action_rate,17203200,17.2032,0.0004732181259896606,1790233876.4516268
fixed,penalty/action_rate,18432000,18.432,0.0004739240393973887,1790233976.9075541
fixed,penalty/action_rate,19660800,19.6608,0.0004750257940031588,1790234074.2026713
fixed,penalty/action_rate,20889600,20.8896,0.00047622036072425544,1790234174.8730023
fixed,penalty/ang_vel_xy,12288,0.012288,0.0007994109182618558,1790232461.814649
fixed,penalty/ang_vel_xy,1228800,1.2288,0.00046829061466269195,1790232561.9695203
fixed,penalty/ang_vel_xy,2457600,2.4576,0.0004394054412841797,1790232664.2670434
fixed,penalty/ang_vel_xy,3686400,3.6864,0.00043443049071356654,1790232767.6985507
fixed,penalty/ang_vel_xy,4915200,4.9152,0.0003876831033267081,1790232872.5198295
fixed,penalty/ang_vel_xy,6144000,6.144,0.00031484043574891984,1790232972.4314566
fixed,penalty/ang_vel_xy,7372800,7.3728,0.0002704287471715361,1790233072.218854
fixed,penalty/ang_vel_xy,8601600,8.6016,0.0002350793656660244,1790233169.3572676
fixed,penalty/ang_vel_xy,9830400,9.8304,0.0002163769822800532,1790233270.1811385
fixed,penalty/ang_vel_xy,11059200,11.0592,0.00020585735910572112,1790233371.0282512
fixed,penalty/ang_vel_xy,12288000,12.288,0.00019496931054163724,1790233471.7306626
fixed,penalty/ang_vel_xy,13516800,13.5168,0.00019620756211224943,1790233570.673993
fixed,penalty/ang_vel_xy,14745600,14.7456,0.00019528322445694357,1790233673.0663805
fixed,penalty/ang_vel_xy,15974400,15.9744,0.00019537888874765486,1790233775.0768356
fixed,penalty/ang_vel_xy,17203200,17.2032,0.0001948296558111906,1790233876.4525928
fixed,penalty/ang_vel_xy,18432000,18.432,0.00018967644427902997,1790233976.9084802
fixed,penalty/ang_vel_xy,19660800,19.6608,0.00019582190725486726,1790234074.2035968
fixed,penalty/ang_vel_xy,20889600,20.8896,0.00019746224279515445,1790234174.873888
fixed,penalty/collision,12288,0.012288,0.0,1790232461.81352
fixed,penalty/collision,1228800,1.2288,0.0,1790232561.9681702
fixed,penalty/collision,2457600,2.4576,0.0,1790232664.265845
fixed,penalty/collision,3686400,3.6864,0.0,1790232767.6973104
fixed,penalty/collision,4915200,4.9152,0.0,1790232872.518754
fixed,penalty/collision,6144000,6.144,0.0,1790232972.4303892
fixed,penalty/collision,7372800,7.3728,0.0,1790233072.2177842
fixed,penalty/collision,8601600,8.6016,0.0,1790233169.3561828
fixed,penalty/collision,9830400,9.8304,0.0,1790233270.1798043
fixed,penalty/collision,11059200,11.0592,0.0,1790233371.0271785
fixed,penalty/collision,12288000,12.288,0.0,1790233471.7293682
fixed,penalty/collision,13516800,13.5168,0.0,1790233570.6725664
fixed,penalty/collision,14745600,14.7456,0.0,1790233673.0652819
fixed,penalty/collision,15974400,15.9744,0.0,1790233775.0757728
fixed,penalty/collision,17203200,17.2032,0.0,1790233876.4513884
fixed,penalty/collision,18432000,18.432,0.0,1790233976.907318
fixed,penalty/collision,19660800,19.6608,0.0,1790234074.2024503
fixed,penalty/collision,20889600,20.8896,0.0,1790234174.8728085
fixed,penalty/dof_acc,12288,0.012288,0.0002528261684346944,1790232461.8132708
fixed,penalty/dof_acc,1228800,1.2288,0.00017815925821196288,1790232561.9679062
fixed,penalty/dof_acc,2457600,2.4576,0.00014370385906659067,1790232664.2655892
fixed,penalty/dof_acc,3686400,3.6864,0.000131493536173366,1790232767.697061
fixed,penalty/dof_acc,4915200,4.9152,0.00010711080540204421,1790232872.5185359
fixed,penalty/dof_acc,6144000,6.144,8.113309013424441e-05,1790232972.4301715
fixed,penalty/dof_acc,7372800,7.3728,6.398557889042422e-05,1790233072.2175653
fixed,penalty/dof_acc,8601600,8.6016,5.217732541495934e-05,1790233169.3559446
fixed,penalty/dof_acc,9830400,9.8304,4.53403772553429e-05,1790233270.1795554
fixed,penalty/dof_acc,11059200,11.0592,4.130653906031512e-05,1790233371.0269613
fixed,penalty/dof_acc,12288000,12.288,3.8247620977927e-05,1790233471.7291107
fixed,penalty/dof_acc,13516800,13.5168,3.7024507037131116e-05,1790233570.6723158
fixed,penalty/dof_acc,14745600,14.7456,3.6148150684311986e-05,1790233673.0650663
fixed,penalty/dof_acc,15974400,15.9744,3.5481509257806465e-05,1790233775.0755303
fixed,penalty/dof_acc,17203200,17.2032,3.510616079438478e-05,1790233876.451146
fixed,penalty/dof_acc,18432000,18.432,3.4441785828676075e-05,1790233976.9070826
fixed,penalty/dof_acc,19660800,19.6608,3.469521107035689e-05,1790234074.2022321
fixed,penalty/dof_acc,20889600,20.8896,3.4701835829764605e-05,1790234174.8726842
fixed,penalty/feet_slip,12288,0.012288,0.0,1790232461.8139765
fixed,penalty/feet_slip,1228800,1.2288,0.0,1790232561.9687057
fixed,penalty/feet_slip,2457600,2.4576,0.0,1790232664.2663112
fixed,penalty/feet_slip,3686400,3.6864,0.0,1790232767.6978128
fixed,penalty/feet_slip,4915200,4.9152,0.0,1790232872.5191836
fixed,penalty/feet_slip,6144000,6.144,0.0,1790232972.430814
fixed,penalty/feet_slip,7372800,7.3728,0.0,1790233072.2182121
fixed,penalty/feet_slip,8601600,8.6016,0.0,1790233169.3566158
fixed,penalty/feet_slip,9830400,9.8304,0.0,1790233270.180317
fixed,penalty/feet_slip,11059200,11.0592,0.0,1790233371.0276086
fixed,penalty/feet_slip,12288000,12.288,0.0,1790233471.7298968
fixed,penalty/feet_slip,13516800,13.5168,0.0,1790233570.6731231
fixed,penalty/feet_slip,14745600,14.7456,0.0,1790233673.0657306
fixed,penalty/feet_slip,15974400,15.9744,0.0,1790233775.0762007
fixed,penalty/feet_slip,17203200,17.2032,0.0,1790233876.45187
fixed,penalty/feet_slip,18432000,18.432,0.0,1790233976.9077857
fixed,penalty/feet_slip,19660800,19.6608,0.0,1790234074.2028887
fixed,penalty/feet_slip,20889600,20.8896,0.0,1790234174.8732202
fixed,penalty/impact_reduction,12288,0.012288,5.685447831638157e-06,1790232461.814205
fixed,penalty/impact_reduction,1228800,1.2288,2.264895556436386e-06,1790232561.9689643
fixed,penalty/impact_reduction,2457600,2.4576,1.493017066422908e-06,1790232664.266567
fixed,penalty/impact_reduction,3686400,3.6864,1.788657868928567e-06,1790232767.6980605
fixed,penalty/impact_reduction,4915200,4.9152,1.3872893305233447e-06,1790232872.519398
fixed,penalty/impact_reduction,6144000,6.144,8.334963581546617e-07,1790232972.4310274
fixed,penalty/impact_reduction,7372800,7.3728,5.06803360167396e-07,1790233072.2184272
fixed,penalty/impact_reduction,8601600,8.6016,3.2045298326011107e-07,1790233169.3568327
fixed,penalty/impact_reduction,9830400,9.8304,2.300779158304067e-07,1790233270.1805754
fixed,penalty/impact_reduction,11059200,11.0592,1.8926584743894637e-07,1790233371.0278249
fixed,penalty/impact_reduction,12288000,12.288,1.6353062903817772e-07,1790233471.7301536
fixed,penalty/impact_reduction,13516800,13.5168,1.5415218967973487e-07,1790233570.6734223
fixed,penalty/impact_reduction,14745600,14.7456,1.4726830954714387e-07,1790233673.0659473
fixed,penalty/impact_reduction,15974400,15.9744,1.4157929228986177e-07,1790233775.0764127
fixed,penalty/impact_reduction,17203200,17.2032,1.3953881250472477e-07,1790233876.4521117
fixed,penalty/impact_reduction,18432000,18.432,1.346888183206829e-07,1790233976.9080179
fixed,penalty/impact_reduction,19660800,19.6608,1.3486116756666888e-07,1790234074.2031074
fixed,penalty/impact_reduction,20889600,20.8896,1.3525085762466915e-07,1790234174.873445
fixed,penalty/stumble,12288,0.012288,0.0,1790232461.814428
fixed,penalty/stumble,1228800,1.2288,0.0,1790232561.9692266
fixed,penalty/stumble,2457600,2.4576,0.0,1790232664.266814
fixed,penalty/stumble,3686400,3.6864,0.0,1790232767.6983047
fixed,penalty/stumble,4915200,4.9152,0.0,1790232872.5196133
fixed,penalty/stumble,6144000,6.144,0.0,1790232972.4312418
fixed,penalty/stumble,7372800,7.3728,0.0,1790233072.2186403
fixed,penalty/stumble,8601600,8.6016,0.0,1790233169.3570483
fixed,penalty/stumble,9830400,9.8304,0.0,1790233270.1808362
fixed,penalty/stumble,11059200,11.0592,0.0,1790233371.0280375
fixed,penalty/stumble,12288000,12.288,0.0,1790233471.730409
fixed,penalty/stumble,13516800,13.5168,0.0,1790233570.673718
fixed,penalty/stumble,14745600,14.7456,0.0,1790233673.0661652
fixed,penalty/stumble,15974400,15.9744,0.0,1790233775.0766237
fixed,penalty/stumble,17203200,17.2032,0.0,1790233876.4523528
fixed,penalty/stumble,18432000,18.432,0.0,1790233976.9082506
fixed,penalty/stumble,19660800,19.6608,0.0,1790234074.2033458
fixed,penalty/stumble,20889600,20.8896,0.0,1790234174.8736715
fixed,penalty/torque,12288,0.012288,5.7885317801265046e-05,1790232461.8130443
fixed,penalty/torque,1228800,1.2288,6.147712701931596e-05,1790232561.967639
fixed,penalty/torque,2457600,2.4576,6.883023888804018e-05,1790232664.265347
fixed,penalty/torque,3686400,3.6864,0.00010160792589886114,1790232767.696814
fixed,penalty/torque,4915200,4.9152,0.00010190037573920563,1790232872.5183136
fixed,penalty/torque,6144000,6.144,8.997506665764377e-05,1790232972.4299526
fixed,penalty/torque,7372800,7.3728,7.943496893858537e-05,1790233072.217327
fixed,penalty/torque,8601600,8.6016,7.208580063888803e-05,1790233169.3557181
fixed,penalty/torque,9830400,9.8304,6.675910844933242e-05,1790233270.179334
fixed,penalty/torque,11059200,11.0592,6.28171837888658e-05,1790233371.0267425
fixed,penalty/torque,12288000,12.288,5.9934533055638894e-05,1790233471.7288501
fixed,penalty/torque,13516800,13.5168,5.7429591834079474e-05,1790233570.672053
fixed,penalty/torque,14745600,14.7456,5.567853804677725e-05,1790233673.0648484
fixed,penalty/torque,15974400,15.9744,5.441048779175617e-05,1790233775.0753145
fixed,penalty/torque,17203200,17.2032,5.3423729696078226e-05,1790233876.4509048
fixed,penalty/torque,18432000,18.432,5.278884418657981e-05,1790233976.9068477
fixed,penalty/torque,19660800,19.6608,5.1966908358735964e-05,1790234074.2020118
fixed,penalty/torque,20889600,20.8896,5.1511840865714476e-05,1790234174.87256
fixed,policy/action_std,12288,0.012288,0.30006635189056396,1790232461.805051
fixed,policy/action_std,1228800,1.2288,0.30075350403785706,1790232561.9587772
fixed,policy/action_std,2457600,2.4576,0.3008192181587219,1790232664.2573016
fixed,policy/action_std,3686400,3.6864,0.3008551597595215,1790232767.687808
fixed,policy/action_std,4915200,4.9152,0.3009028136730194,1790232872.510094
fixed,policy/action_std,6144000,6.144,0.3009502589702606,1790232972.4219522
fixed,policy/action_std,7372800,7.3728,0.3009989857673645,1790233072.2095008
fixed,policy/action_std,8601600,8.6016,0.30104947090148926,1790233169.3474753
fixed,policy/action_std,9830400,9.8304,0.3010941445827484,1790233270.1705782
fixed,policy/action_std,11059200,11.0592,0.3011382222175598,1790233371.0187173
fixed,policy/action_std,12288000,12.288,0.30118250846862793,1790233471.72007
fixed,policy/action_std,13516800,13.5168,0.3012259602546692,1790233570.6593144
fixed,policy/action_std,14745600,14.7456,0.30126678943634033,1790233673.0570104
fixed,policy/action_std,15974400,15.9744,0.3013049364089966,1790233775.067466
fixed,policy/action_std,17203200,17.2032,0.3013441264629364,1790233876.4423273
fixed,policy/action_std,18432000,18.432,0.3013807535171509,1790233976.8962333
fixed,policy/action_std,19660800,19.6608,0.3014172315597534,1790234074.1932197
fixed,policy/action_std,20889600,20.8896,0.301453173160553,1790234174.864481
fixed,policy/decoder_gain_mean,12288,0.012288,2.0,1790232461.8079414
fixed,policy/decoder_gain_mean,1228800,1.2288,1.998456358909607,1790232561.9620998
fixed,policy/decoder_gain_mean,2457600,2.4576,1.998525857925415,1790232664.260399
fixed,policy/decoder_gain_mean,3686400,3.6864,1.998612880706787,1790232767.6917295
fixed,policy/decoder_gain_mean,4915200,4.9152,1.9987090826034546,1790232872.5134223
fixed,policy/decoder_gain_mean,6144000,6.144,1.998806357383728,1790232972.4252992
fixed,policy/decoder_gain_mean,7372800,7.3728,1.9988658428192139,1790233072.2127512
fixed,policy/decoder_gain_mean,8601600,8.6016,1.9989370107650757,1790233169.3508656
fixed,policy/decoder_gain_mean,9830400,9.8304,1.9989852905273438,1790233270.174211
fixed,policy/decoder_gain_mean,11059200,11.0592,1.9990079402923584,1790233371.0219758
fixed,policy/decoder_gain_mean,12288000,12.288,1.9990410804748535,1790233471.7234766
fixed,policy/decoder_gain_mean,13516800,13.5168,1.9990546703338623,1790233570.6649442
fixed,policy/decoder_gain_mean,14745600,14.7456,1.9990787506103516,1790233673.0600424
fixed,policy/decoder_gain_mean,15974400,15.9744,1.999117374420166,1790233775.070632
fixed,policy/decoder_gain_mean,17203200,17.2032,1.9991239309310913,1790233876.4458568
fixed,policy/decoder_gain_mean,18432000,18.432,1.9991655349731445,1790233976.9001834
fixed,policy/decoder_gain_mean,19660800,19.6608,1.9991768598556519,1790234074.1967518
fixed,policy/decoder_gain_mean,20889600,20.8896,1.9992125034332275,1790234174.8678799
fixed,policy/early_stopped,12288,0.012288,0.0,1790232461.8073602
fixed,policy/early_stopped,1228800,1.2288,0.0,1790232561.9615343
fixed,policy/early_stopped,2457600,2.4576,0.0,1790232664.2598946
fixed,policy/early_stopped,3686400,3.6864,0.0,1790232767.6906407
fixed,policy/early_stopped,4915200,4.9152,0.0,1790232872.5129132
fixed,policy/early_stopped,6144000,6.144,1.0,1790232972.4246867
fixed,policy/early_stopped,7372800,7.3728,1.0,1790233072.2121496
fixed,policy/early_stopped,8601600,8.6016,1.0,1790233169.3502204
fixed,policy/early_stopped,9830400,9.8304,1.0,1790233270.173551
fixed,policy/early_stopped,11059200,11.0592,1.0,1790233371.0214696
fixed,policy/early_stopped,12288000,12.288,1.0,1790233471.7228658
fixed,policy/early_stopped,13516800,13.5168,1.0,1790233570.662484
fixed,policy/early_stopped,14745600,14.7456,1.0,1790233673.0595603
fixed,policy/early_stopped,15974400,15.9744,1.0,1790233775.0700207
fixed,policy/early_stopped,17203200,17.2032,0.0,1790233876.445133
fixed,policy/early_stopped,18432000,18.432,1.0,1790233976.899188
fixed,policy/early_stopped,19660800,19.6608,1.0,1790234074.19624
fixed,policy/early_stopped,20889600,20.8896,1.0,1790234174.8673248
fixed,policy/entropy,12288,0.012288,2.580526351928711,1790232461.8049216
fixed,policy/entropy,1228800,1.2288,2.609673261642456,1790232561.9583795
fixed,policy/entropy,2457600,2.4576,2.6122965812683105,1790232664.2571704
fixed,policy/entropy,3686400,3.6864,2.613734483718872,1790232767.6876748
fixed,policy/entropy,4915200,4.9152,2.6156299114227295,1790232872.5096953
fixed,policy/entropy,6144000,6.144,2.617523431777954,1790232972.421573
fixed,policy/entropy,7372800,7.3728,2.61946439743042,1790233072.2091157
fixed,policy/entropy,8601600,8.6016,2.6214799880981445,1790233169.3470936
fixed,policy/entropy,9830400,9.8304,2.623260974884033,1790233270.1704369
fixed,policy/entropy,11059200,11.0592,2.6250152587890625,1790233371.0185843
fixed,policy/entropy,12288000,12.288,2.6267807483673096,1790233471.7199428
fixed,policy/entropy,13516800,13.5168,2.6285133361816406,1790233570.6591892
fixed,policy/entropy,14745600,14.7456,2.630138874053955,1790233673.056879
fixed,policy/entropy,15974400,15.9744,2.631662130355835,1790233775.0673385
fixed,policy/entropy,17203200,17.2032,2.633219003677368,1790233876.4421978
fixed,policy/entropy,18432000,18.432,2.6346793174743652,1790233976.89608
fixed,policy/entropy,19660800,19.6608,2.636133909225464,1790234074.1930914
fixed,policy/entropy,20889600,20.8896,2.6375627517700195,1790234174.8641117
fixed,policy/epochs_used,12288,0.012288,3.0,1790232461.8071368
fixed,policy/epochs_used,1228800,1.2288,3.0,1790232561.9612873
fixed,policy/epochs_used,2457600,2.4576,3.0,1790232664.259679
fixed,policy/epochs_used,3686400,3.6864,3.0,1790232767.6903963
fixed,policy/epochs_used,4915200,4.9152,3.0,1790232872.5126941
fixed,policy/epochs_used,6144000,6.144,2.0,1790232972.424468
fixed,policy/epochs_used,7372800,7.3728,2.0,1790233072.2119348
fixed,policy/epochs_used,8601600,8.6016,2.0,1790233169.3499389
fixed,policy/epochs_used,9830400,9.8304,2.0,1790233270.173276
fixed,policy/epochs_used,11059200,11.0592,2.0,1790233371.021236
fixed,policy/epochs_used,12288000,12.288,2.0,1790233471.7226105
fixed,policy/epochs_used,13516800,13.5168,2.0,1790233570.6622007
fixed,policy/epochs_used,14745600,14.7456,2.0,1790233673.059347
fixed,policy/epochs_used,15974400,15.9744,2.0,1790233775.0698044
fixed,policy/epochs_used,17203200,17.2032,3.0,1790233876.4448936
fixed,policy/epochs_used,18432000,18.432,2.0,1790233976.8989398
fixed,policy/epochs_used,19660800,19.6608,2.0,1790234074.1959844
fixed,policy/epochs_used,20889600,20.8896,2.0,1790234174.8671114
fixed,policy/grad_norm,12288,0.012288,5.358579158782959,1790232461.8066869
fixed,policy/grad_norm,1228800,1.2288,1.932413101196289,1790232561.9608545
fixed,policy/grad_norm,2457600,2.4576,3.7448837757110596,1790232664.259244
fixed,policy/grad_norm,3686400,3.6864,3.960655689239502,1790232767.6899066
fixed,policy/grad_norm,4915200,4.9152,2.968418836593628,1790232872.5122614
fixed,policy/grad_norm,6144000,6.144,2.176299571990967,1790232972.424036
fixed,policy/grad_norm,7372800,7.3728,1.738418459892273,1790233072.2115035
fixed,policy/grad_norm,8601600,8.6016,1.3506722450256348,1790233169.3494875
fixed,policy/grad_norm,9830400,9.8304,1.1077585220336914,1790233270.172768
fixed,policy/grad_norm,11059200,11.0592,0.9910128712654114,1790233371.0208008
fixed,policy/grad_norm,12288000,12.288,0.819544792175293,1790233471.7221017
fixed,policy/grad_norm,13516800,13.5168,0.7574150562286377,1790233570.661608
fixed,policy/grad_norm,14745600,14.7456,0.7694783210754395,1790233673.0589206
fixed,policy/grad_norm,15974400,15.9744,0.6876949071884155,1790233775.0693564
fixed,policy/grad_norm,17203200,17.2032,0.6925705075263977,1790233876.4444091
fixed,policy/grad_norm,18432000,18.432,0.5931366086006165,1790233976.898446
fixed,policy/grad_norm,19660800,19.6608,0.570888876914978,1790234074.1954699
fixed,policy/grad_norm,20889600,20.8896,0.7298014760017395,1790234174.866685
fixed,policy/kl,12288,0.012288,0.00012089809024473652,1790232461.8051832
fixed,policy/kl,1228800,1.2288,0.008065572008490562,1790232561.9591074
fixed,policy/kl,2457600,2.4576,0.007610238157212734,1790232664.2576518
fixed,policy/kl,3686400,3.6864,0.00797791313380003,1790232767.688146
fixed,policy/kl,4915200,4.9152,0.014585033990442753,1790232872.5104632
fixed,policy/kl,6144000,6.144,0.011270452290773392,1790232972.4222772
fixed,policy/kl,7372800,7.3728,0.01160617358982563,1790233072.2098675
fixed,policy/kl,8601600,8.6016,0.009118963964283466,1790233169.3477948
fixed,policy/kl,9830400,9.8304,0.008814865723252296,1790233270.1709528
fixed,policy/kl,11059200,11.0592,0.01015342678874731,1790233371.0190544
fixed,policy/kl,12288000,12.288,0.010700020007789135,1790233471.720414
fixed,policy/kl,13516800,13.5168,0.011006499640643597,1790233570.659697
fixed,policy/kl,14745600,14.7456,0.008176472969353199,1790233673.0573354
fixed,policy/kl,15974400,15.9744,0.008141160011291504,1790233775.0678012
fixed,policy/kl,17203200,17.2032,0.014227837324142456,1790233876.4426708
fixed,policy/kl,18432000,18.432,0.01226933766156435,1790233976.8966136
fixed,policy/kl,19660800,19.6608,0.01007082685828209,1790234074.1936023
fixed,policy/kl,20889600,20.8896,0.010855771601200104,1790234174.8649566
fixed,policy/lr,12288,0.012288,0.00011000000085914508,1790232461.8064516
fixed,policy/lr,1228800,1.2288,1.0235027048111078e-06,1790232561.96063
fixed,policy/lr,2457600,2.4576,9.999999974752427e-07,1790232664.2590292
fixed,policy/lr,3686400,3.6864,9.999999974752427e-07,1790232767.6896665
fixed,policy/lr,4915200,4.9152,9.999999974752427e-07,1790232872.5120423
fixed,policy/lr,6144000,6.144,9.999999974752427e-07,1790232972.4238193
fixed,policy/lr,7372800,7.3728,9.999999974752427e-07,1790233072.2112875
fixed,policy/lr,8601600,8.6016,9.999999974752427e-07,1790233169.3492436
fixed,policy/lr,9830400,9.8304,9.999999974752427e-07,1790233270.1725082
fixed,policy/lr,11059200,11.0592,9.999999974752427e-07,1790233371.020581
fixed,policy/lr,12288000,12.288,9.999999974752427e-07,1790233471.721845
fixed,policy/lr,13516800,13.5168,9.999999974752427e-07,1790233570.6613111
fixed,policy/lr,14745600,14.7456,9.999999974752427e-07,1790233673.0587075
fixed,policy/lr,15974400,15.9744,9.999999974752427e-07,1790233775.0691438
fixed,policy/lr,17203200,17.2032,9.999999974752427e-07,1790233876.4441707
fixed,policy/lr,18432000,18.432,9.999999974752427e-07,1790233976.898196
fixed,policy/lr,19660800,19.6608,9.999999974752427e-07,1790234074.195217
fixed,policy/lr,20889600,20.8896,9.999999974752427e-07,1790234174.8664703
fixed,policy/max_abs_log_ratio,12288,0.012288,0.01226043701171875,1790232461.8069115
fixed,policy/max_abs_log_ratio,1228800,1.2288,2.9556331634521484,1790232561.9610713
fixed,policy/max_abs_log_ratio,2457600,2.4576,2.8070545196533203,1790232664.2594607
fixed,policy/max_abs_log_ratio,3686400,3.6864,4.195361137390137,1790232767.690153
fixed,policy/max_abs_log_ratio,4915200,4.9152,3.4082913398742676,1790232872.5124776
fixed,policy/max_abs_log_ratio,6144000,6.144,4.272342681884766,1790232972.4242504
fixed,policy/max_abs_log_ratio,7372800,7.3728,3.016569137573242,1790233072.2117202
fixed,policy/max_abs_log_ratio,8601600,8.6016,3.2027406692504883,1790233169.3497124
fixed,policy/max_abs_log_ratio,9830400,9.8304,3.183004856109619,1790233270.1730192
fixed,policy/max_abs_log_ratio,11059200,11.0592,3.3159332275390625,1790233371.021017
fixed,policy/max_abs_log_ratio,12288000,12.288,2.8049230575561523,1790233471.7223575
fixed,policy/max_abs_log_ratio,13516800,13.5168,4.293533802032471,1790233570.6618862
fixed,policy/max_abs_log_ratio,14745600,14.7456,2.997102737426758,1790233673.0591326
fixed,policy/max_abs_log_ratio,15974400,15.9744,3.2917261123657227,1790233775.069588
fixed,policy/max_abs_log_ratio,17203200,17.2032,4.066332817077637,1790233876.444653
fixed,policy/max_abs_log_ratio,18432000,18.432,3.9878931045532227,1790233976.898692
fixed,policy/max_abs_log_ratio,19660800,19.6608,4.533503532409668,1790234074.195727
fixed,policy/max_abs_log_ratio,20889600,20.8896,3.495967388153076,1790234174.8668978
fixed,policy/max_kl,12288,0.012288,0.00012230873107910156,1790232461.8053136
fixed,policy/max_kl,1228800,1.2288,0.0160080436617136,1790232561.95936
fixed,policy/max_kl,2457600,2.4576,0.01615145429968834,1790232664.2578964
fixed,policy/max_kl,3686400,3.6864,0.016720082610845566,1790232767.6884058
fixed,policy/max_kl,4915200,4.9152,0.028320353478193283,1790232872.510759
fixed,policy/max_kl,6144000,6.144,0.03813207149505615,1790232972.4225564
fixed,policy/max_kl,7372800,7.3728,0.039649248123168945,1790233072.210161
fixed,policy/max_kl,8601600,8.6016,0.03448202833533287,1790233169.3480635
fixed,policy/max_kl,9830400,9.8304,0.03565940260887146,1790233270.1712236
fixed,policy/max_kl,11059200,11.0592,0.03742378577589989,1790233371.0192955
fixed,policy/max_kl,12288000,12.288,0.0360521599650383,1790233471.7206507
fixed,policy/max_kl,13516800,13.5168,0.044458381831645966,1790233570.6599572
fixed,policy/max_kl,14745600,14.7456,0.037657104432582855,1790233673.0575922
fixed,policy/max_kl,15974400,15.9744,0.03493198752403259,1790233775.0680366
fixed,policy/max_kl,17203200,17.2032,0.02965971827507019,1790233876.4429307
fixed,policy/max_kl,18432000,18.432,0.042917098850011826,1790233976.8968916
fixed,policy/max_kl,19660800,19.6608,0.04369356483221054,1790234074.193878
fixed,policy/max_kl,20889600,20.8896,0.04868616908788681,1790234174.86519
fixed,policy/mean_abs,12288,0.012288,0.0,1790232461.808872
fixed,policy/mean_abs,1228800,1.2288,0.020729655399918556,1790232561.9631069
fixed,policy/mean_abs,2457600,2.4576,0.03629269823431969,1790232664.2615309
fixed,policy/mean_abs,3686400,3.6864,0.04922580346465111,1790232767.692937
fixed,policy/mean_abs,4915200,4.9152,0.05753666162490845,1790232872.5144103
fixed,policy/mean_abs,6144000,6.144,0.06698133051395416,1790232972.426264
fixed,policy/mean_abs,7372800,7.3728,0.07660866528749466,1790233072.213695
fixed,policy/mean_abs,8601600,8.6016,0.0860043317079544,1790233169.3517888
fixed,policy/mean_abs,9830400,9.8304,0.09491262584924698,1790233270.1751535
fixed,policy/mean_abs,11059200,11.0592,0.10295328497886658,1790233371.0229828
fixed,policy/mean_abs,12288000,12.288,0.11037252098321915,1790233471.7244465
fixed,policy/mean_abs,13516800,13.5168,0.1164974719285965,1790233570.6678414
fixed,policy/mean_abs,14745600,14.7456,0.12283430993556976,1790233673.0609753
fixed,policy/mean_abs,15974400,15.9744,0.1281060427427292,1790233775.0715876
fixed,policy/mean_abs,17203200,17.2032,0.1330067217350006,1790233876.4468992
fixed,policy/mean_abs,18432000,18.432,0.13754090666770935,1790233976.9031098
fixed,policy/mean_abs,19660800,19.6608,0.14184407889842987,1790234074.1978865
fixed,policy/mean_abs,20889600,20.8896,0.14587105810642242,1790234174.8688369
fixed,policy/optimizer_steps,12288,0.012288,3.0,1790232461.8056116
fixed,policy/optimizer_steps,1228800,1.2288,3.0,1790232561.959939
fixed,policy/optimizer_steps,2457600,2.4576,3.0,1790232664.2583604
fixed,policy/optimizer_steps,3686400,3.6864,3.0,1790232767.6889122
fixed,policy/optimizer_steps,4915200,4.9152,3.0,1790232872.511293
fixed,policy/optimizer_steps,6144000,6.144,2.0,1790232972.4231317
fixed,policy/optimizer_steps,7372800,7.3728,2.0,1790233072.2106261
fixed,policy/optimizer_steps,8601600,8.6016,2.0,1790233169.3485794
fixed,policy/optimizer_steps,9830400,9.8304,2.0,1790233270.1717257
fixed,policy/optimizer_steps,11059200,11.0592,2.0,1790233371.019833
fixed,policy/optimizer_steps,12288000,12.288,2.0,1790233471.7211037
fixed,policy/optimizer_steps,13516800,13.5168,2.0,1790233570.6604729
fixed,policy/optimizer_steps,14745600,14.7456,2.0,1790233673.0580525
fixed,policy/optimizer_steps,15974400,15.9744,2.0,1790233775.0684872
fixed,policy/optimizer_steps,17203200,17.2032,3.0,1790233876.4434361
fixed,policy/optimizer_steps,18432000,18.432,2.0,1790233976.8974228
fixed,policy/optimizer_steps,19660800,19.6608,2.0,1790234074.1944048
fixed,policy/optimizer_steps,20889600,20.8896,2.0,1790234174.865729
fixed,policy/rejected_kl,12288,0.012288,0.0,1790232461.8054726
fixed,policy/rejected_kl,1228800,1.2288,0.0,1790232561.9596598
fixed,policy/rejected_kl,2457600,2.4576,0.0,1790232664.258131
fixed,policy/rejected_kl,3686400,3.6864,0.0,1790232767.6886637
fixed,policy/rejected_kl,4915200,4.9152,0.0,1790232872.5110455
fixed,policy/rejected_kl,6144000,6.144,0.03813207149505615,1790232972.4228532
fixed,policy/rejected_kl,7372800,7.3728,0.039649248123168945,1790233072.2103992
fixed,policy/rejected_kl,8601600,8.6016,0.03448202833533287,1790233169.348344
fixed,policy/rejected_kl,9830400,9.8304,0.03565940260887146,1790233270.1714704
fixed,policy/rejected_kl,11059200,11.0592,0.03742378577589989,1790233371.0195298
fixed,policy/rejected_kl,12288000,12.288,0.0360521599650383,1790233471.7208803
fixed,policy/rejected_kl,13516800,13.5168,0.044458381831645966,1790233570.660206
fixed,policy/rejected_kl,14745600,14.7456,0.037657104432582855,1790233673.0578291
fixed,policy/rejected_kl,15974400,15.9744,0.03493198752403259,1790233775.0682664
fixed,policy/rejected_kl,17203200,17.2032,0.0,1790233876.4431865
fixed,policy/rejected_kl,18432000,18.432,0.042917098850011826,1790233976.8971567
fixed,policy/rejected_kl,19660800,19.6608,0.04369356483221054,1790234074.1941454
fixed,policy/rejected_kl,20889600,20.8896,0.04868616908788681,1790234174.865427
fixed,reward/imitation_angles,12288,0.012288,0.032980166375637054,1790232461.8120174
fixed,reward/imitation_angles,1228800,1.2288,0.026603130623698235,1790232561.9664242
fixed,reward/imitation_angles,2457600,2.4576,0.018155280500650406,1790232664.264296
fixed,reward/imitation_angles,3686400,3.6864,0.006990254856646061,1790232767.6956913
fixed,reward/imitation_angles,4915200,4.9152,0.0036845910362899303,1790232872.5172853
fixed,reward/imitation_angles,6144000,6.144,0.0027542593888938427,1790232972.4289224
fixed,reward/imitation_angles,7372800,7.3728,0.002422397956252098,1790233072.2164128
fixed,reward/imitation_angles,8601600,8.6016,0.0020970955956727266,1790233169.3546717
fixed,reward/imitation_angles,9830400,9.8304,0.0018407788593322039,1790233270.1782737
fixed,reward/imitation_angles,11059200,11.0592,0.0016371178207919002,1790233371.0257938
fixed,reward/imitation_angles,12288000,12.288,0.0014025098644196987,1790233471.7277033
fixed,reward/imitation_angles,13516800,13.5168,0.001365280826576054,1790233570.6709476
fixed,reward/imitation_angles,14745600,14.7456,0.0012751572066918015,1790233673.0639222
fixed,reward/imitation_angles,15974400,15.9744,0.001211050315760076,1790233775.0743887
fixed,reward/imitation_angles,17203200,17.2032,0.0011503109708428383,1790233876.44979
fixed,reward/imitation_angles,18432000,18.432,0.001030552084557712,1790233976.9058356
fixed,reward/imitation_angles,19660800,19.6608,0.001062958501279354,1790234074.2009668
fixed,reward/imitation_angles,20889600,20.8896,0.001042200718075037,1790234174.8719049
fixed,reward/imitation_foot,12288,0.012288,0.026817038655281067,1790232461.8121614
fixed,reward/imitation_foot,1228800,1.2288,0.016623513773083687,1790232561.9665911
fixed,reward/imitation_foot,2457600,2.4576,0.008240546099841595,1790232664.264445
fixed,reward/imitation_foot,3686400,3.6864,0.001866325386799872,1790232767.6958437
fixed,reward/imitation_foot,4915200,4.9152,0.0011011933675035834,1790232872.5174572
fixed,reward/imitation_foot,6144000,6.144,0.000824440736323595,1790232972.4290657
fixed,reward/imitation_foot,7372800,7.3728,0.000875282334163785,1790233072.2165554
fixed,reward/imitation_foot,8601600,8.6016,0.0008339064661413431,1790233169.3548198
fixed,reward/imitation_foot,9830400,9.8304,0.0008049914031289518,1790233270.1784182
fixed,reward/imitation_foot,11059200,11.0592,0.0007784281624481082,1790233371.0259442
fixed,reward/imitation_foot,12288000,12.288,0.0006527694640681148,1790233471.7278495
fixed,reward/imitation_foot,13516800,13.5168,0.000731565582100302,1790233570.671092
fixed,reward/imitation_foot,14745600,14.7456,0.0007268527406267822,1790233673.064068
fixed,reward/imitation_foot,15974400,15.9744,0.0007239777478389442,1790233775.0745356
fixed,reward/imitation_foot,17203200,17.2032,0.0007162598776631057,1790233876.4499397
fixed,reward/imitation_foot,18432000,18.432,0.0006056192214600742,1790233976.905998
fixed,reward/imitation_foot,19660800,19.6608,0.0006952842813916504,1790234074.201114
fixed,reward/imitation_foot,20889600,20.8896,0.0007011636043898761,1790234174.872048
fixed,reward/imitation_quat,12288,0.012288,0.009967382997274399,1790232461.8123665
fixed,reward/imitation_quat,1228800,1.2288,0.008806571364402771,1790232561.9668405
fixed,reward/imitation_quat,2457600,2.4576,0.009372481144964695,1790232664.2645915
fixed,reward/imitation_quat,3686400,3.6864,0.009580457583069801,1790232767.6960702
fixed,reward/imitation_quat,4915200,4.9152,0.009646257385611534,1790232872.5176024
fixed,reward/imitation_quat,6144000,6.144,0.00967439915984869,1790232972.429264
fixed,reward/imitation_quat,7372800,7.3728,0.009698892012238503,1790233072.216685
fixed,reward/imitation_quat,8601600,8.6016,0.009709532372653484,1790233169.3550386
fixed,reward/imitation_quat,9830400,9.8304,0.009719179011881351,1790233270.1786647
fixed,reward/imitation_quat,11059200,11.0592,0.009728399105370045,1790233371.0260797
fixed,reward/imitation_quat,12288000,12.288,0.009734016843140125,1790233471.728078
fixed,reward/imitation_quat,13516800,13.5168,0.00974447000771761,1790233570.6713297
fixed,reward/imitation_quat,14745600,14.7456,0.00974972266703844,1790233673.0642
fixed,reward/imitation_quat,15974400,15.9744,0.009753333404660225,1790233775.0746663
fixed,reward/imitation_quat,17203200,17.2032,0.009756837971508503,1790233876.450177
fixed,reward/imitation_quat,18432000,18.432,0.009756381623446941,1790233976.906142
fixed,reward/imitation_quat,19660800,19.6608,0.009760770946741104,1790234074.2013197
fixed,reward/imitation_quat,20889600,20.8896,0.009761820547282696,1790234174.872178
fixed,reward/tracking_ang,12288,0.012288,0.017656687647104263,1790232461.8128195
fixed,reward/tracking_ang,1228800,1.2288,0.017183026298880577,1790232561.9673722
fixed,reward/tracking_ang,2457600,2.4576,0.0162661075592041,1790232664.2651176
fixed,reward/tracking_ang,3686400,3.6864,0.015924876555800438,1790232767.6965675
fixed,reward/tracking_ang,4915200,4.9152,0.018441712483763695,1790232872.518091
fixed,reward/tracking_ang,6144000,6.144,0.020820334553718567,1790232972.4297357
fixed,reward/tracking_ang,7372800,7.3728,0.022160297259688377,1790233072.2171144
fixed,reward/tracking_ang,8601600,8.6016,0.02244991436600685,1790233169.3555021
fixed,reward/tracking_ang,9830400,9.8304,0.022611357271671295,1790233270.1791165
fixed,reward/tracking_ang,11059200,11.0592,0.022626278921961784,1790233371.0265262
fixed,reward/tracking_ang,12288000,12.288,0.02285860665142536,1790233471.728596
fixed,reward/tracking_ang,13516800,13.5168,0.023084301501512527,1790233570.6718073
fixed,reward/tracking_ang,14745600,14.7456,0.02301125042140484,1790233673.0646353
fixed,reward/tracking_ang,15974400,15.9744,0.022544225677847862,1790233775.075101
fixed,reward/tracking_ang,17203200,17.2032,0.022819191217422485,1790233876.450665
fixed,reward/tracking_ang,18432000,18.432,0.023052886128425598,1790233976.906617
fixed,reward/tracking_ang,19660800,19.6608,0.022385314106941223,1790234074.2017925
fixed,reward/tracking_ang,20889600,20.8896,0.02275695465505123,1790234174.8724356
fixed,reward/tracking_lin,12288,0.012288,0.027179054915905,1790232461.8125927
fixed,reward/tracking_lin,1228800,1.2288,0.030470969155430794,1790232561.967113
fixed,reward/tracking_lin,2457600,2.4576,0.029317045584321022,1790232664.2648573
fixed,reward/tracking_lin,3686400,3.6864,0.028917882591485977,1790232767.6963196
fixed,reward/tracking_lin,4915200,4.9152,0.02880488522350788,1790232872.5178592
fixed,reward/tracking_lin,6144000,6.144,0.028854673728346825,1790232972.4295044
fixed,reward/tracking_lin,7372800,7.3728,0.028375588357448578,1790233072.2169015
fixed,reward/tracking_lin,8601600,8.6016,0.02877587080001831,1790233169.3552794
fixed,reward/tracking_lin,9830400,9.8304,0.02877025306224823,1790233270.1788938
fixed,reward/tracking_lin,11059200,11.0592,0.028744520619511604,1790233371.0263076
fixed,reward/tracking_lin,12288000,12.288,0.028702761977910995,1790233471.728339
fixed,reward/tracking_lin,13516800,13.5168,0.028480632230639458,1790233570.6715686
fixed,reward/tracking_lin,14745600,14.7456,0.028272638097405434,1790233673.064418
fixed,reward/tracking_lin,15974400,15.9744,0.028813092038035393,1790233775.074883
fixed,reward/tracking_lin,17203200,17.2032,0.028645550832152367,1790233876.4504223
fixed,reward/tracking_lin,18432000,18.432,0.028566261753439903,1790233976.906381
fixed,reward/tracking_lin,19660800,19.6608,0.028826065361499786,1790234074.201569
fixed,reward/tracking_lin,20889600,20.8896,0.028807705268263817,1790234174.872308
fixed,snn/spike_rate_l1,12288,0.012288,0.021415075287222862,1790232461.8082447
fixed,snn/spike_rate_l1,1228800,1.2288,0.09140417724847794,1790232561.9624648
fixed,snn/spike_rate_l1,2457600,2.4576,0.11176029592752457,1790232664.260882
fixed,snn/spike_rate_l1,3686400,3.6864,0.12745018303394318,1790232767.692237
fixed,snn/spike_rate_l1,4915200,4.9152,0.1362398862838745,1790232872.5137568
fixed,snn/spike_rate_l1,6144000,6.144,0.14487315714359283,1790232972.4256322
fixed,snn/spike_rate_l1,7372800,7.3728,0.15337638556957245,1790233072.2130919
fixed,snn/spike_rate_l1,8601600,8.6016,0.1615791916847229,1790233169.351209
fixed,snn/spike_rate_l1,9830400,9.8304,0.1693464070558548,1790233270.1745574
fixed,snn/spike_rate_l1,11059200,11.0592,0.17654047906398773,1790233371.0223994
fixed,snn/spike_rate_l1,12288000,12.288,0.18316829204559326,1790233471.723816
fixed,snn/spike_rate_l1,13516800,13.5168,0.18850013613700867,1790233570.6671977
fixed,snn/spike_rate_l1,14745600,14.7456,0.19433799386024475,1790233673.0603492
fixed,snn/spike_rate_l1,15974400,15.9744,0.1990182101726532,1790233775.0709481
fixed,snn/spike_rate_l1,17203200,17.2032,0.2034982144832611,1790233876.4462516
fixed,snn/spike_rate_l1,18432000,18.432,0.2077144980430603,1790233976.9024093
fixed,snn/spike_rate_l1,19660800,19.6608,0.21136248111724854,1790234074.1972513
fixed,snn/spike_rate_l1,20889600,20.8896,0.21511545777320862,1790234174.868185
fixed,snn/spike_rate_l2,12288,0.012288,0.00041166943265125155,1790232461.8084762
fixed,snn/spike_rate_l2,1228800,1.2288,0.04716262221336365,1790232561.962707
fixed,snn/spike_rate_l2,2457600,2.4576,0.06653714925050735,1790232664.2611206
fixed,snn/spike_rate_l2,3686400,3.6864,0.08112127333879471,1790232767.6924853
fixed,snn/spike_rate_l2,4915200,4.9152,0.08950682729482651,1790232872.5139892
fixed,snn/spike_rate_l2,6144000,6.144,0.09832192957401276,1790232972.4258666
fixed,snn/spike_rate_l2,7372800,7.3728,0.10688581317663193,1790233072.2132761
fixed,snn/spike_rate_l2,8601600,8.6016,0.11506593227386475,1790233169.3513975
fixed,snn/spike_rate_l2,9830400,9.8304,0.12267060577869415,1790233270.174743
fixed,snn/spike_rate_l2,11059200,11.0592,0.12944810092449188,1790233371.0225894
fixed,snn/spike_rate_l2,12288000,12.288,0.13579434156417847,1790233471.7240741
fixed,snn/spike_rate_l2,13516800,13.5168,0.14101798832416534,1790233570.667465
fixed,snn/spike_rate_l2,14745600,14.7456,0.14651721715927124,1790233673.0605836
fixed,snn/spike_rate_l2,15974400,15.9744,0.1511152982711792,1790233775.0711844
fixed,snn/spike_rate_l2,17203200,17.2032,0.1554853469133377,1790233876.4464579
fixed,snn/spike_rate_l2,18432000,18.432,0.15966808795928955,1790233976.9026709
fixed,snn/spike_rate_l2,19660800,19.6608,0.1636868566274643,1790234074.1974673
fixed,snn/spike_rate_l2,20889600,20.8896,0.16748985648155212,1790234174.8684251
fixed,snn/spike_rate_l3,12288,0.012288,0.0,1790232461.8086593
fixed,snn/spike_rate_l3,1228800,1.2288,0.007829022593796253,1790232561.9628909
fixed,snn/spike_rate_l3,2457600,2.4576,0.015358404256403446,1790232664.261303
fixed,snn/spike_rate_l3,3686400,3.6864,0.02252914197742939,1790232767.6927028
fixed,snn/spike_rate_l3,4915200,4.9152,0.027057448402047157,1790232872.5141695
fixed,snn/spike_rate_l3,6144000,6.144,0.03198733553290367,1790232972.4260478
fixed,snn/spike_rate_l3,7372800,7.3728,0.03698458895087242,1790233072.2135272
fixed,snn/spike_rate_l3,8601600,8.6016,0.041854847222566605,1790233169.3516228
fixed,snn/spike_rate_l3,9830400,9.8304,0.04646492004394531,1790233270.1749837
fixed,snn/spike_rate_l3,11059200,11.0592,0.05064556747674942,1790233371.022814
fixed,snn/spike_rate_l3,12288000,12.288,0.054560936987400055,1790233471.7242603
fixed,snn/spike_rate_l3,13516800,13.5168,0.05780702084302902,1790233570.667653
fixed,snn/spike_rate_l3,14745600,14.7456,0.0612027645111084,1790233673.060768
fixed,snn/spike_rate_l3,15974400,15.9744,0.06405465304851532,1790233775.071375
fixed,snn/spike_rate_l3,17203200,17.2032,0.06675281375646591,1790233876.446709
fixed,snn/spike_rate_l3,18432000,18.432,0.06929440051317215,1790233976.902877
fixed,snn/spike_rate_l3,19660800,19.6608,0.07169153541326523,1790234074.1977212
fixed,snn/spike_rate_l3,20889600,20.8896,0.0739590972661972,1790234174.8686175
fixed,test/min_survival,12288,0.012288,1.0,1790232461.8059661
fixed,test/min_survival,1228800,1.2288,1.0,1790232561.9601731
fixed,test/min_survival,2457600,2.4576,1.0,1790232664.258587
fixed,test/min_survival,3686400,3.6864,1.0,1790232767.6891618
fixed,test/min_survival,4915200,4.9152,1.0,1790232872.511579
fixed,test/min_survival,6144000,6.144,1.0,1790232972.4233665
fixed,test/min_survival,7372800,7.3728,1.0,1790233072.2108479
fixed,test/min_survival,8601600,8.6016,1.0,1790233169.3488054
fixed,test/min_survival,9830400,9.8304,1.0,1790233270.171986
fixed,test/min_survival,11059200,11.0592,1.0,1790233371.02012
fixed,test/min_survival,12288000,12.288,1.0,1790233471.7213247
fixed,test/min_survival,13516800,13.5168,1.0,1790233570.6607473
fixed,test/min_survival,14745600,14.7456,1.0,1790233673.0582733
fixed,test/min_survival,15974400,15.9744,1.0,1790233775.068706
fixed,test/min_survival,17203200,17.2032,1.0,1790233876.4436817
fixed,test/min_survival,18432000,18.432,1.0,1790233976.8976843
fixed,test/min_survival,19660800,19.6608,1.0,1790234074.1946936
fixed,test/min_survival,20889600,20.8896,1.0,1790234174.8660047
fixed,test/min_tracking,12288,0.012288,0.0,1790232461.8062139
fixed,test/min_tracking,1228800,1.2288,0.0,1790232561.9604046
fixed,test/min_tracking,2457600,2.4576,0.0,1790232664.2588089
fixed,test/min_tracking,3686400,3.6864,0.0,1790232767.6894183
fixed,test/min_tracking,4915200,4.9152,0.0,1790232872.5118148
fixed,test/min_tracking,6144000,6.144,0.0,1790232972.4235911
fixed,test/min_tracking,7372800,7.3728,0.0,1790233072.2110693
fixed,test/min_tracking,8601600,8.6016,0.0,1790233169.3490257
fixed,test/min_tracking,9830400,9.8304,0.0,1790233270.1722455
fixed,test/min_tracking,11059200,11.0592,0.0,1790233371.0203547
fixed,test/min_tracking,12288000,12.288,0.0,1790233471.7215908
fixed,test/min_tracking,13516800,13.5168,0.0,1790233570.6610274
fixed,test/min_tracking,14745600,14.7456,0.0,1790233673.058491
fixed,test/min_tracking,15974400,15.9744,0.0,1790233775.0689256
fixed,test/min_tracking,17203200,17.2032,0.0,1790233876.4439268
fixed,test/min_tracking,18432000,18.432,0.0,1790233976.8979416
fixed,test/min_tracking,19660800,19.6608,0.0,1790234074.1949584
fixed,test/min_tracking,20889600,20.8896,0.0,1790234174.8662457
fixed,test/前進,12288,0.012288,25.0,1790232461.80947
fixed,test/前進,1228800,1.2288,25.0,1790232561.9638546
fixed,test/前進,2457600,2.4576,25.0,1790232664.2623227
fixed,test/前進,3686400,3.6864,25.0,1790232767.6936245
fixed,test/前進,4915200,4.9152,25.0,1790232872.5152128
fixed,test/前進,6144000,6.144,25.0,1790232972.4270148
fixed,test/前進,7372800,7.3728,25.0,1790233072.214477
fixed,test/前進,8601600,8.6016,25.0,1790233169.3525307
fixed,test/前進,9830400,9.8304,25.100000381469727,1790233270.1760302
fixed,test/前進,11059200,11.0592,25.100000381469727,1790233371.0235748
fixed,test/前進,12288000,12.288,25.0,1790233471.7251048
fixed,test/前進,13516800,13.5168,25.100000381469727,1790233570.6689487
fixed,test/前進,14745600,14.7456,25.0,1790233673.0617101
fixed,test/前進,15974400,15.9744,25.0,1790233775.0721421
fixed,test/前進,17203200,17.2032,25.100000381469727,1790233876.4476638
fixed,test/前進,18432000,18.432,25.100000381469727,1790233976.903667
fixed,test/前進,19660800,19.6608,25.100000381469727,1790234074.1986606
fixed,test/前進,20889600,20.8896,25.0,1790234174.8695042
fixed,test/前進_survival,12288,0.012288,1.0,1790232461.809626
fixed,test/前進_survival,1228800,1.2288,1.0,1790232561.964041
fixed,test/前進_survival,2457600,2.4576,1.0,1790232664.2624834
fixed,test/前進_survival,3686400,3.6864,1.0,1790232767.6937964
fixed,test/前進_survival,4915200,4.9152,1.0,1790232872.515364
fixed,test/前進_survival,6144000,6.144,1.0,1790232972.427169
fixed,test/前進_survival,7372800,7.3728,1.0,1790233072.2146273
fixed,test/前進_survival,8601600,8.6016,1.0,1790233169.3526835
fixed,test/前進_survival,9830400,9.8304,1.0,1790233270.1761804
fixed,test/前進_survival,11059200,11.0592,1.0,1790233371.0237296
fixed,test/前進_survival,12288000,12.288,1.0,1790233471.7252574
fixed,test/前進_survival,13516800,13.5168,1.0,1790233570.6691062
fixed,test/前進_survival,14745600,14.7456,1.0,1790233673.0618632
fixed,test/前進_survival,15974400,15.9744,1.0,1790233775.072294
fixed,test/前進_survival,17203200,17.2032,1.0,1790233876.4478176
fixed,test/前進_survival,18432000,18.432,1.0,1790233976.9038408
fixed,test/前進_survival,19660800,19.6608,1.0,1790234074.198811
fixed,test/前進_survival,20889600,20.8896,1.0,1790234174.8696585
fixed,test/前進_tracking,12288,0.012288,0.0,1790232461.8097634
fixed,test/前進_tracking,1228800,1.2288,0.0,1790232561.9642045
fixed,test/前進_tracking,2457600,2.4576,0.0,1790232664.2626245
fixed,test/前進_tracking,3686400,3.6864,0.0,1790232767.6939452
fixed,test/前進_tracking,4915200,4.9152,0.0,1790232872.5154984
fixed,test/前進_tracking,6144000,6.144,0.0,1790232972.4273057
fixed,test/前進_tracking,7372800,7.3728,0.0,1790233072.2147593
fixed,test/前進_tracking,8601600,8.6016,0.0,1790233169.3528197
fixed,test/前進_tracking,9830400,9.8304,0.0,1790233270.1763175
fixed,test/前進_tracking,11059200,11.0592,0.0,1790233371.0238657
fixed,test/前進_tracking,12288000,12.288,0.0,1790233471.7254064
fixed,test/前進_tracking,13516800,13.5168,0.0,1790233570.6692429
fixed,test/前進_tracking,14745600,14.7456,0.0,1790233673.0619984
fixed,test/前進_tracking,15974400,15.9744,0.0,1790233775.0724297
fixed,test/前進_tracking,17203200,17.2032,0.0,1790233876.4479554
fixed,test/前進_tracking,18432000,18.432,0.0,1790233976.9039943
fixed,test/前進_tracking,19660800,19.6608,0.0,1790234074.1989446
fixed,test/前進_tracking,20889600,20.8896,0.0,1790234174.8697913
fixed,test/左旋回,12288,0.012288,25.700000762939453,1790232461.8111153
fixed,test/左旋回,1228800,1.2288,25.700000762939453,1790232561.9654343
fixed,test/左旋回,2457600,2.4576,25.700000762939453,1790232664.263545
fixed,test/左旋回,3686400,3.6864,25.700000762939453,1790232767.694906
fixed,test/左旋回,4915200,4.9152,25.700000762939453,1790232872.5164285
fixed,test/左旋回,6144000,6.144,25.700000762939453,1790232972.4282126
fixed,test/左旋回,7372800,7.3728,25.700000762939453,1790233072.2156563
fixed,test/左旋回,8601600,8.6016,25.700000762939453,1790233169.3537967
fixed,test/左旋回,9830400,9.8304,25.700000762939453,1790233270.177317
fixed,test/左旋回,11059200,11.0592,25.700000762939453,1790233371.02494
fixed,test/左旋回,12288000,12.288,25.700000762939453,1790233471.7268145
fixed,test/左旋回,13516800,13.5168,25.700000762939453,1790233570.6701791
fixed,test/左旋回,14745600,14.7456,25.700000762939453,1790233673.0630815
fixed,test/左旋回,15974400,15.9744,25.700000762939453,1790233775.0735328
fixed,test/左旋回,17203200,17.2032,25.700000762939453,1790233876.4488745
fixed,test/左旋回,18432000,18.432,25.700000762939453,1790233976.905014
fixed,test/左旋回,19660800,19.6608,25.700000762939453,1790234074.1999586
fixed,test/左旋回,20889600,20.8896,25.700000762939453,1790234174.8707645
fixed,test/左旋回_survival,12288,0.012288,1.0,1790232461.8114064
fixed,test/左旋回_survival,1228800,1.2288,1.0,1790232561.9657211
fixed,test/左旋回_survival,2457600,2.4576,1.0,1790232664.2636735
fixed,test/左旋回_survival,3686400,3.6864,1.0,1790232767.6950407
fixed,test/左旋回_survival,4915200,4.9152,1.0,1790232872.5166452
fixed,test/左旋回_survival,6144000,6.144,1.0,1790232972.42834
fixed,test/左旋回_survival,7372800,7.3728,1.0,1790233072.2157824
fixed,test/左旋回_survival,8601600,8.6016,1.0,1790233169.3540275
fixed,test/左旋回_survival,9830400,9.8304,1.0,1790233270.1775897
fixed,test/左旋回_survival,11059200,11.0592,1.0,1790233371.0251548
fixed,test/左旋回_survival,12288000,12.288,1.0,1790233471.7270327
fixed,test/左旋回_survival,13516800,13.5168,1.0,1790233570.670304
fixed,test/左旋回_survival,14745600,14.7456,1.0,1790233673.0632994
fixed,test/左旋回_survival,15974400,15.9744,1.0,1790233775.0737545
fixed,test/左旋回_survival,17203200,17.2032,1.0,1790233876.4491212
fixed,test/左旋回_survival,18432000,18.432,1.0,1790233976.9051557
fixed,test/左旋回_survival,19660800,19.6608,1.0,1790234074.2002623
fixed,test/左旋回_survival,20889600,20.8896,1.0,1790234174.8709834
fixed,test/左旋回_tracking,12288,0.012288,0.0,1790232461.8116417
fixed,test/左旋回_tracking,1228800,1.2288,0.0,1790232561.9659922
fixed,test/左旋回_tracking,2457600,2.4576,0.0,1790232664.2638705
fixed,test/左旋回_tracking,3686400,3.6864,0.0,1790232767.6952562
fixed,test/左旋回_tracking,4915200,4.9152,0.0013820528984069824,1790232872.5168679
fixed,test/左旋回_tracking,6144000,6.144,0.0006802678108215332,1790232972.428552
fixed,test/左旋回_tracking,7372800,7.3728,0.0,1790233072.215998
fixed,test/左旋回_tracking,8601600,8.6016,0.0,1790233169.3542914
fixed,test/左旋回_tracking,9830400,9.8304,0.0,1790233270.177863
fixed,test/左旋回_tracking,11059200,11.0592,4.172325134277344e-07,1790233371.0253668
fixed,test/左旋回_tracking,12288000,12.288,0.00045996904373168945,1790233471.7272725
fixed,test/左旋回_tracking,13516800,13.5168,0.0006400942802429199,1790233570.670534
fixed,test/左旋回_tracking,14745600,14.7456,0.001368403434753418,1790233673.0635152
fixed,test/左旋回_tracking,15974400,15.9744,0.0,1790233775.0739713
fixed,test/左旋回_tracking,17203200,17.2032,0.0006818175315856934,1790233876.4493694
fixed,test/左旋回_tracking,18432000,18.432,0.0007365942001342773,1790233976.905369
fixed,test/左旋回_tracking,19660800,19.6608,0.0004202127456665039,1790234074.200535
fixed,test/左旋回_tracking,20889600,20.8896,0.0,1790234174.871197
fixed,test/左移動,12288,0.012288,25.100000381469727,1790232461.810286
fixed,test/左移動,1228800,1.2288,25.0,1790232561.9648447
fixed,test/左移動,2457600,2.4576,25.0,1790232664.263156
fixed,test/左移動,3686400,3.6864,25.0,1790232767.6944997
fixed,test/左移動,4915200,4.9152,25.0,1790232872.516034
fixed,test/左移動,6144000,6.144,25.0,1790232972.427828
fixed,test/左移動,7372800,7.3728,25.100000381469727,1790233072.2152724
fixed,test/左移動,8601600,8.6016,25.0,1790233169.3533306
fixed,test/左移動,9830400,9.8304,25.0,1790233270.1768293
fixed,test/左移動,11059200,11.0592,25.100000381469727,1790233371.0243843
fixed,test/左移動,12288000,12.288,25.100000381469727,1790233471.7261496
fixed,test/左移動,13516800,13.5168,25.0,1790233570.6697986
fixed,test/左移動,14745600,14.7456,25.0,1790233673.0625162
fixed,test/左移動,15974400,15.9744,25.0,1790233775.0729492
fixed,test/左移動,17203200,17.2032,25.0,1790233876.4484835
fixed,test/左移動,18432000,18.432,25.0,1790233976.9045851
fixed,test/左移動,19660800,19.6608,25.0,1790234074.1994553
fixed,test/左移動,20889600,20.8896,25.0,1790234174.8703036
fixed,test/左移動_survival,12288,0.012288,1.0,1790232461.8105183
fixed,test/左移動_survival,1228800,1.2288,1.0,1790232561.965002
fixed,test/左移動_survival,2457600,2.4576,1.0,1790232664.2632866
fixed,test/左移動_survival,3686400,3.6864,1.0,1790232767.6946342
fixed,test/左移動_survival,4915200,4.9152,1.0,1790232872.5161667
fixed,test/左移動_survival,6144000,6.144,1.0,1790232972.4279566
fixed,test/左移動_survival,7372800,7.3728,1.0,1790233072.215401
fixed,test/左移動_survival,8601600,8.6016,1.0,1790233169.3535058
fixed,test/左移動_survival,9830400,9.8304,1.0,1790233270.176956
fixed,test/左移動_survival,11059200,11.0592,1.0,1790233371.0245123
fixed,test/左移動_survival,12288000,12.288,1.0,1790233471.7263741
fixed,test/左移動_survival,13516800,13.5168,1.0,1790233570.6699266
fixed,test/左移動_survival,14745600,14.7456,1.0,1790233673.062644
fixed,test/左移動_survival,15974400,15.9744,1.0,1790233775.0730774
fixed,test/左移動_survival,17203200,17.2032,1.0,1790233876.4486165
fixed,test/左移動_survival,18432000,18.432,1.0,1790233976.9047277
fixed,test/左移動_survival,19660800,19.6608,1.0,1790234074.199584
fixed,test/左移動_survival,20889600,20.8896,1.0,1790234174.8704326
fixed,test/左移動_tracking,12288,0.012288,0.001193404197692871,1790232461.8108296
fixed,test/左移動_tracking,1228800,1.2288,0.00026684999465942383,1790232561.9651568
fixed,test/左移動_tracking,2457600,2.4576,0.0,1790232664.2634158
fixed,test/左移動_tracking,3686400,3.6864,0.0006142258644104004,1790232767.6947713
fixed,test/左移動_tracking,4915200,4.9152,0.0006340146064758301,1790232872.516299
fixed,test/左移動_tracking,6144000,6.144,0.00014913082122802734,1790232972.4280841
fixed,test/左移動_tracking,7372800,7.3728,0.0,1790233072.215529
fixed,test/左移動_tracking,8601600,8.6016,0.0,1790233169.3536625
fixed,test/左移動_tracking,9830400,9.8304,0.00015425682067871094,1790233270.177082
fixed,test/左移動_tracking,11059200,11.0592,0.0,1790233371.024724
fixed,test/左移動_tracking,12288000,12.288,0.00043064355850219727,1790233471.7265966
fixed,test/左移動_tracking,13516800,13.5168,0.0,1790233570.6700525
fixed,test/左移動_tracking,14745600,14.7456,0.0014846324920654297,1790233673.0628612
fixed,test/左移動_tracking,15974400,15.9744,0.0,1790233775.073294
fixed,test/左移動_tracking,17203200,17.2032,0.0005996227264404297,1790233876.4487464
fixed,test/左移動_tracking,18432000,18.432,0.0,1790233976.904871
fixed,test/左移動_tracking,19660800,19.6608,0.0,1790234074.1997218
fixed,test/左移動_tracking,20889600,20.8896,0.0,1790234174.8705595
fixed,test/後退,12288,0.012288,25.799999237060547,1790232461.809898
fixed,test/後退,1228800,1.2288,25.700000762939453,1790232561.964365
fixed,test/後退,2457600,2.4576,25.700000762939453,1790232664.2627606
fixed,test/後退,3686400,3.6864,25.700000762939453,1790232767.6940873
fixed,test/後退,4915200,4.9152,25.700000762939453,1790232872.5156357
fixed,test/後退,6144000,6.144,25.799999237060547,1790232972.4274368
fixed,test/後退,7372800,7.3728,25.700000762939453,1790233072.2148888
fixed,test/後退,8601600,8.6016,25.799999237060547,1790233169.3529503
fixed,test/後退,9830400,9.8304,25.700000762939453,1790233270.1764486
fixed,test/後退,11059200,11.0592,25.700000762939453,1790233371.0239954
fixed,test/後退,12288000,12.288,25.799999237060547,1790233471.7255557
fixed,test/後退,13516800,13.5168,25.799999237060547,1790233570.6693876
fixed,test/後退,14745600,14.7456,25.700000762939453,1790233673.0621297
fixed,test/後退,15974400,15.9744,25.700000762939453,1790233775.0725613
fixed,test/後退,17203200,17.2032,25.700000762939453,1790233876.4480903
fixed,test/後退,18432000,18.432,25.700000762939453,1790233976.9041426
fixed,test/後退,19660800,19.6608,25.700000762939453,1790234074.1990726
fixed,test/後退,20889600,20.8896,25.700000762939453,1790234174.8699195
fixed,test/後退_survival,12288,0.012288,1.0,1790232461.810028
fixed,test/後退_survival,1228800,1.2288,1.0,1790232561.9645262
fixed,test/後退_survival,2457600,2.4576,1.0,1790232664.2628942
fixed,test/後退_survival,3686400,3.6864,1.0,1790232767.6942255
fixed,test/後退_survival,4915200,4.9152,1.0,1790232872.5157714
fixed,test/後退_survival,6144000,6.144,1.0,1790232972.427567
fixed,test/後退_survival,7372800,7.3728,1.0,1790233072.2150161
fixed,test/後退_survival,8601600,8.6016,1.0,1790233169.3530777
fixed,test/後退_survival,9830400,9.8304,1.0,1790233270.176577
fixed,test/後退_survival,11059200,11.0592,1.0,1790233371.0241263
fixed,test/後退_survival,12288000,12.288,1.0,1790233471.7256875
fixed,test/後退_survival,13516800,13.5168,1.0,1790233570.6695378
fixed,test/後退_survival,14745600,14.7456,1.0,1790233673.0622613
fixed,test/後退_survival,15974400,15.9744,1.0,1790233775.0726917
fixed,test/後退_survival,17203200,17.2032,1.0,1790233876.4482238
fixed,test/後退_survival,18432000,18.432,1.0,1790233976.9042935
fixed,test/後退_survival,19660800,19.6608,1.0,1790234074.1992009
fixed,test/後退_survival,20889600,20.8896,1.0,1790234174.8700483
fixed,test/後退_tracking,12288,0.012288,0.02576380968093872,1790232461.8101568
fixed,test/後退_tracking,1228800,1.2288,0.02490389347076416,1790232561.964682
fixed,test/後退_tracking,2457600,2.4576,0.0259244441986084,1790232664.2630243
fixed,test/後退_tracking,3686400,3.6864,0.025633394718170166,1790232767.6943634
fixed,test/後退_tracking,4915200,4.9152,0.024393975734710693,1790232872.515903
fixed,test/後退_tracking,6144000,6.144,0.024875521659851074,1790232972.427698
fixed,test/後退_tracking,7372800,7.3728,0.025425732135772705,1790233072.2151437
fixed,test/後退_tracking,8601600,8.6016,0.025343894958496094,1790233169.3532052
fixed,test/後退_tracking,9830400,9.8304,0.023734867572784424,1790233270.1767042
fixed,test/後退_tracking,11059200,11.0592,0.025332152843475342,1790233371.0242562
fixed,test/後退_tracking,12288000,12.288,0.02449256181716919,1790233471.7259135
fixed,test/後退_tracking,13516800,13.5168,0.025865018367767334,1790233570.6696715
fixed,test/後退_tracking,14745600,14.7456,0.025401711463928223,1790233673.0623891
fixed,test/後退_tracking,15974400,15.9744,0.025408387184143066,1790233775.072821
fixed,test/後退_tracking,17203200,17.2032,0.02538055181503296,1790233876.4483545
fixed,test/後退_tracking,18432000,18.432,0.025055229663848877,1790233976.904442
fixed,test/後退_tracking,19660800,19.6608,0.02569824457168579,1790234074.1993282
fixed,test/後退_tracking,20889600,20.8896,0.02537548542022705,1790234174.8701768
fixed,train/contact_only_rate,12288,0.012288,0.0,1790232461.8153749
fixed,train/contact_only_rate,1228800,1.2288,0.0,1790232561.9704318
fixed,train/contact_only_rate,2457600,2.4576,0.0,1790232664.2677698
fixed,train/contact_only_rate,3686400,3.6864,0.0,1790232767.6993792
fixed,train/contact_only_rate,4915200,4.9152,0.0,1790232872.5205517
fixed,train/contact_only_rate,6144000,6.144,0.0,1790232972.4321759
fixed,train/contact_only_rate,7372800,7.3728,0.0,1790233072.2195535
fixed,train/contact_only_rate,8601600,8.6016,0.0,1790233169.3580108
fixed,train/contact_only_rate,9830400,9.8304,0.0,1790233270.1820357
fixed,train/contact_only_rate,11059200,11.0592,0.0,1790233371.028963
fixed,train/contact_only_rate,12288000,12.288,0.0,1790233471.7314453
fixed,train/contact_only_rate,13516800,13.5168,0.0,1790233570.674912
fixed,train/contact_only_rate,14745600,14.7456,0.0,1790233673.0671198
fixed,train/contact_only_rate,15974400,15.9744,0.0,1790233775.077555
fixed,train/contact_only_rate,17203200,17.2032,0.0,1790233876.4534197
fixed,train/contact_only_rate,18432000,18.432,0.0,1790233976.9092534
fixed,train/contact_only_rate,19660800,19.6608,0.0,1790234074.2044573
fixed,train/contact_only_rate,20889600,20.8896,0.0,1790234174.8746293
fixed,train/decap_factor_last,12288,0.012288,0.9976910948753357,1790232461.804524
fixed,train/decap_factor_last,1228800,1.2288,0.7857571244239807,1790232561.9579895
fixed,train/decap_factor_last,2457600,2.4576,0.6173521876335144,1790232664.256782
fixed,train/decap_factor_last,3686400,3.6864,0.4850401282310486,1790232767.6872773
fixed,train/decap_factor_last,4915200,4.9152,0.38108542561531067,1790232872.50927
fixed,train/decap_factor_last,6144000,6.144,0.29941049218177795,1790232972.421143
fixed,train/decap_factor_last,7372800,7.3728,0.23524026572704315,1790233072.2087293
fixed,train/decap_factor_last,8601600,8.6016,0.184823140501976,1790233169.3467138
fixed,train/decap_factor_last,9830400,9.8304,0.14521150290966034,1790233270.1700406
fixed,train/decap_factor_last,11059200,11.0592,0.11408950388431549,1790233371.0181987
fixed,train/decap_factor_last,12288000,12.288,0.0896376296877861,1790233471.7195585
fixed,train/decap_factor_last,13516800,13.5168,0.0704263225197792,1790233570.6588092
fixed,train/decap_factor_last,14745600,14.7456,0.05533242225646973,1790233673.056497
fixed,train/decap_factor_last,15974400,15.9744,0.04347347468137741,1790233775.0669506
fixed,train/decap_factor_last,17203200,17.2032,0.034156158566474915,1790233876.4417968
fixed,train/decap_factor_last,18432000,18.432,0.026835747063159943,1790233976.8956072
fixed,train/decap_factor_last,19660800,19.6608,0.021084260195493698,1790234074.192708
fixed,train/decap_factor_last,20889600,20.8896,0.016565442085266113,1790234174.8637338
fixed,train/decap_factor_mean,12288,0.012288,0.998845100402832,1790232461.8043735
fixed,train/decap_factor_mean,1228800,1.2288,0.7866659760475159,1790232561.9578543
fixed,train/decap_factor_mean,2457600,2.4576,0.6180662512779236,1790232664.25665
fixed,train/decap_factor_mean,3686400,3.6864,0.48560115694999695,1790232767.687142
fixed,train/decap_factor_mean,4915200,4.9152,0.38152623176574707,1790232872.5091362
fixed,train/decap_factor_mean,6144000,6.144,0.299756795167923,1790232972.421008
fixed,train/decap_factor_mean,7372800,7.3728,0.235512375831604,1790233072.2085962
fixed,train/decap_factor_mean,8601600,8.6016,0.18503692746162415,1790233169.3465831
fixed,train/decap_factor_mean,9830400,9.8304,0.1453794687986374,1790233270.1699095
fixed,train/decap_factor_mean,11059200,11.0592,0.1142214685678482,1790233371.0180688
fixed,train/decap_factor_mean,12288000,12.288,0.0897413119673729,1790233471.7194266
fixed,train/decap_factor_mean,13516800,13.5168,0.07050778716802597,1790233570.6586776
fixed,train/decap_factor_mean,14745600,14.7456,0.0553964264690876,1790233673.0563633
fixed,train/decap_factor_mean,15974400,15.9744,0.04352376237511635,1790233775.0668166
fixed,train/decap_factor_mean,17203200,17.2032,0.0341956689953804,1790233876.4416606
fixed,train/decap_factor_mean,18432000,18.432,0.026866788044571877,1790233976.8954108
fixed,train/decap_factor_mean,19660800,19.6608,0.02110864780843258,1790234074.1925774
fixed,train/decap_factor_mean,20889600,20.8896,0.016584603115916252,1790234174.8636034
fixed,train/episode_length,1228800,1.2288,491.0395812988281,1790232561.957721
fixed,train/episode_length,2457600,2.4576,499.3188171386719,1790232664.2565138
fixed,train/episode_length,3686400,3.6864,500.0,1790232767.6869986
fixed,train/episode_length,4915200,4.9152,500.0,1790232872.5090005
fixed,train/episode_length,6144000,6.144,500.0,1790232972.4208705
fixed,train/episode_length,7372800,7.3728,500.0,1790233072.2084622
fixed,train/episode_length,8601600,8.6016,500.0,1790233169.3464527
fixed,train/episode_length,9830400,9.8304,500.0,1790233270.1697748
fixed,train/episode_length,11059200,11.0592,500.0,1790233371.0179403
fixed,train/episode_length,12288000,12.288,500.0,1790233471.719297
fixed,train/episode_length,13516800,13.5168,500.0,1790233570.6585445
fixed,train/episode_length,14745600,14.7456,500.0,1790233673.0562348
fixed,train/episode_length,15974400,15.9744,500.0,1790233775.0666845
fixed,train/episode_length,17203200,17.2032,500.0,1790233876.4415276
fixed,train/episode_length,18432000,18.432,500.0,1790233976.8952603
fixed,train/episode_length,19660800,19.6608,500.0,1790234074.1924472
fixed,train/episode_length,20889600,20.8896,500.0,1790234174.8634732
fixed,train/episode_style,1228800,1.2288,26.13508415222168,1790232561.957446
fixed,train/episode_style,2457600,2.4576,19.07455825805664,1790232664.2562425
fixed,train/episode_style,3686400,3.6864,9.839217185974121,1790232767.6867242
fixed,train/episode_style,4915200,4.9152,7.2646484375,1790232872.508728
fixed,train/episode_style,6144000,6.144,6.7623209953308105,1790232972.4206011
fixed,train/episode_style,7372800,7.3728,6.501762390136719,1790233072.2081983
fixed,train/episode_style,8601600,8.6016,6.324681282043457,1790233169.3461955
fixed,train/episode_style,9830400,9.8304,6.174859046936035,1790233270.1695118
fixed,train/episode_style,11059200,11.0592,6.0606794357299805,1790233371.0176778
fixed,train/episode_style,12288000,12.288,5.976644992828369,1790233471.719032
fixed,train/episode_style,13516800,13.5168,5.910931587219238,1790233570.6582842
fixed,train/episode_style,14745600,14.7456,5.86591911315918,1790233673.0559683
fixed,train/episode_style,15974400,15.9744,5.825675964355469,1790233775.0664208
fixed,train/episode_style,17203200,17.2032,5.7961249351501465,1790233876.4412463
fixed,train/episode_style,18432000,18.432,5.768830299377441,1790233976.8950014
fixed,train/episode_style,19660800,19.6608,5.750791072845459,1790234074.1921897
fixed,train/episode_style,20889600,20.8896,5.732956409454346,1790234174.8632057
fixed,train/episode_task,1228800,1.2288,22.932693481445312,1790232561.9575903
fixed,train/episode_task,2457600,2.4576,22.327123641967773,1790232664.2563794
fixed,train/episode_task,3686400,3.6864,21.872621536254883,1790232767.6868613
fixed,train/episode_task,4915200,4.9152,22.96176528930664,1790232872.5088668
fixed,train/episode_task,6144000,6.144,24.30356788635254,1790232972.4207363
fixed,train/episode_task,7372800,7.3728,24.800168991088867,1790233072.2083325
fixed,train/episode_task,8601600,8.6016,25.184123992919922,1790233169.346325
fixed,train/episode_task,9830400,9.8304,25.277149200439453,1790233270.169644
fixed,train/episode_task,11059200,11.0592,25.315759658813477,1790233371.017811
fixed,train/episode_task,12288000,12.288,25.375003814697266,1790233471.7191648
fixed,train/episode_task,13516800,13.5168,25.350618362426758,1790233570.6584146
fixed,train/episode_task,14745600,14.7456,25.353897094726562,1790233673.056105
fixed,train/episode_task,15974400,15.9744,25.277406692504883,1790233775.066553
fixed,train/episode_task,17203200,17.2032,25.37059211730957,1790233876.4413905
fixed,train/episode_task,18432000,18.432,25.391075134277344,1790233976.8951313
fixed,train/episode_task,19660800,19.6608,25.300540924072266,1790234074.1923196
fixed,train/episode_task,20889600,20.8896,25.351648330688477,1790234174.8633368
fixed,train/episode_total,1228800,1.2288,49.067787170410156,1790232561.957276
fixed,train/episode_total,2457600,2.4576,41.40168380737305,1790232664.2560964
fixed,train/episode_total,3686400,3.6864,31.711854934692383,1790232767.6865776
fixed,train/episode_total,4915200,4.9152,30.226425170898438,1790232872.508586
fixed,train/episode_total,6144000,6.144,31.06588363647461,1790232972.4204552
fixed,train/episode_total,7372800,7.3728,31.30195426940918,1790233072.2080584
fixed,train/episode_total,8601600,8.6016,31.508817672729492,1790233169.3460596
fixed,train/episode_total,9830400,9.8304,31.45201301574707,1790233270.1693544
fixed,train/episode_total,11059200,11.0592,31.376432418823242,1790233371.017535
fixed,train/episode_total,12288000,12.288,31.35165786743164,1790233471.7188926
fixed,train/episode_total,13516800,13.5168,31.26154327392578,1790233570.6581464
fixed,train/episode_total,14745600,14.7456,31.219818115234375,1790233673.0558274
fixed,train/episode_total,15974400,15.9744,31.10307502746582,1790233775.0662785
fixed,train/episode_total,17203200,17.2032,31.166728973388672,1790233876.4410958
fixed,train/episode_total,18432000,18.432,31.159908294677734,1790233976.894861
fixed,train/episode_total,19660800,19.6608,31.051332473754883,1790234074.192051
fixed,train/episode_total,20889600,20.8896,31.084611892700195,1790234174.8630633
fixed,train/fallen_rate,12288,0.012288,0.0,1790232461.81491
fixed,train/fallen_rate,1228800,1.2288,0.00011179503053426743,1790232561.9698431
fixed,train/fallen_rate,2457600,2.4576,1.5462239389307797e-05,1790232664.267305
fixed,train/fallen_rate,3686400,3.6864,0.0,1790232767.6988363
fixed,train/fallen_rate,4915200,4.9152,0.0,1790232872.5200825
fixed,train/fallen_rate,6144000,6.144,0.0,1790232972.4317062
fixed,train/fallen_rate,7372800,7.3728,0.0,1790233072.2191014
fixed,train/fallen_rate,8601600,8.6016,0.0,1790233169.3575408
fixed,train/fallen_rate,9830400,9.8304,0.0,1790233270.1814556
fixed,train/fallen_rate,11059200,11.0592,0.0,1790233371.0285003
fixed,train/fallen_rate,12288000,12.288,0.0,1790233471.73096
fixed,train/fallen_rate,13516800,13.5168,0.0,1790233570.6743283
fixed,train/fallen_rate,14745600,14.7456,0.0,1790233673.066629
fixed,train/fallen_rate,15974400,15.9744,0.0,1790233775.0770822
fixed,train/fallen_rate,17203200,17.2032,0.0,1790233876.4528756
fixed,train/fallen_rate,18432000,18.432,0.0,1790233976.9088092
fixed,train/fallen_rate,19660800,19.6608,0.0,1790234074.2038972
fixed,train/fallen_rate,20889600,20.8896,0.0,1790234174.8741755
fixed,train/raw_collision_body_count,12288,0.012288,2.998779296875,1790232461.8151429
fixed,train/raw_collision_body_count,1228800,1.2288,3.3115217685699463,1790232561.97013
fixed,train/raw_collision_body_count,2457600,2.4576,3.427014112472534,1790232664.2675345
fixed,train/raw_collision_body_count,3686400,3.6864,3.3272526264190674,1790232767.6991053
fixed,train/raw_collision_body_count,4915200,4.9152,3.3861117362976074,1790232872.520316
fixed,train/raw_collision_body_count,6144000,6.144,3.5285263061523438,1790232972.4319386
fixed,train/raw_collision_body_count,7372800,7.3728,3.6458065509796143,1790233072.2193265
fixed,train/raw_collision_body_count,8601600,8.6016,3.7383129596710205,1790233169.357776
fixed,train/raw_collision_body_count,9830400,9.8304,3.799934148788452,1790233270.1817493
fixed,train/raw_collision_body_count,11059200,11.0592,3.837731122970581,1790233371.0287302
fixed,train/raw_collision_body_count,12288000,12.288,3.8641114234924316,1790233471.731216
fixed,train/raw_collision_body_count,13516800,13.5168,3.8790876865386963,1790233570.6746056
fixed,train/raw_collision_body_count,14745600,14.7456,3.888735294342041,1790233673.066868
fixed,train/raw_collision_body_count,15974400,15.9744,3.896027088165283,1790233775.0773113
fixed,train/raw_collision_body_count,17203200,17.2032,3.9004769325256348,1790233876.4531376
fixed,train/raw_collision_body_count,18432000,18.432,3.905319929122925,1790233976.908997
fixed,train/raw_collision_body_count,19660800,19.6608,3.906318426132202,1790234074.2041767
fixed,train/raw_collision_body_count,20889600,20.8896,3.90793776512146,1790234174.8744025
fixed,train/rollout_reward_per_step,12288,0.012288,0.11306003481149673,1790232461.802976
fixed,train/rollout_reward_per_step,1228800,1.2288,0.08848192542791367,1790232561.9567158
fixed,train/rollout_reward_per_step,2457600,2.4576,0.06735790520906448,1790232664.2553337
fixed,train/rollout_reward_per_step,3686400,3.6864,0.05763237550854683,1790232767.685814
fixed,train/rollout_reward_per_step,4915200,4.9152,0.060589224100112915,1790232872.5080302
fixed,train/rollout_reward_per_step,6144000,6.144,0.06164386495947838,1790232972.4199247
fixed,train/rollout_reward_per_step,7372800,7.3728,0.06256551295518875,1790233072.2075174
fixed,train/rollout_reward_per_step,8601600,8.6016,0.06250791996717453,1790233169.3454907
fixed,train/rollout_reward_per_step,9830400,9.8304,0.0625501200556755,1790233270.1685321
fixed,train/rollout_reward_per_step,11059200,11.0592,0.06238912045955658,1790233371.0168273
fixed,train/rollout_reward_per_step,12288000,12.288,0.0626109316945076,1790233471.718146
fixed,train/rollout_reward_per_step,13516800,13.5168,0.06294939666986465,1790233570.6572669
fixed,train/rollout_reward_per_step,14745600,14.7456,0.061797644942998886,1790233673.0551174
fixed,train/rollout_reward_per_step,15974400,15.9744,0.062052007764577866,1790233775.065504
fixed,train/rollout_reward_per_step,17203200,17.2032,0.061229053884744644,1790233876.4403315
fixed,train/rollout_reward_per_step,18432000,18.432,0.0628071278333664,1790233976.8941169
fixed,train/rollout_reward_per_step,19660800,19.6608,0.06214987114071846,1790234074.191292
fixed,train/rollout_reward_per_step,20889600,20.8896,0.060554519295692444,1790234174.8625207
fixed,train/rollout_terminations,12288,0.012288,0.0,1790232461.804214
fixed,train/rollout_terminations,1228800,1.2288,15.0,1790232561.9571187
fixed,train/rollout_terminations,2457600,2.4576,4.0,1790232664.255935
fixed,train/rollout_terminations,3686400,3.6864,6.0,1790232767.6864066
fixed,train/rollout_terminations,4915200,4.9152,2.0,1790232872.5084317
fixed,train/rollout_terminations,6144000,6.144,395.0,1790232972.420299
fixed,train/rollout_terminations,7372800,7.3728,14.0,1790233072.2079055
fixed,train/rollout_terminations,8601600,8.6016,4.0,1790233169.3459103
fixed,train/rollout_terminations,9830400,9.8304,6.0,1790233270.169196
fixed,train/rollout_terminations,11059200,11.0592,2.0,1790233371.0173635
fixed,train/rollout_terminations,12288000,12.288,395.0,1790233471.7187378
fixed,train/rollout_terminations,13516800,13.5168,14.0,1790233570.6579921
fixed,train/rollout_terminations,14745600,14.7456,4.0,1790233673.0556703
fixed,train/rollout_terminations,15974400,15.9744,6.0,1790233775.0661192
fixed,train/rollout_terminations,17203200,17.2032,2.0,1790233876.4409258
fixed,train/rollout_terminations,18432000,18.432,395.0,1790233976.8947072
fixed,train/rollout_terminations,19660800,19.6608,14.0,1790234074.191897
fixed,train/rollout_terminations,20889600,20.8896,4.0,1790234174.8629088
adaptive,loss/policy,12288,0.012288,-4.8381898523075506e-05,1790232442.944833
adaptive,loss/policy,1228800,1.2288,0.00326129631139338,1790232550.0524719
adaptive,loss/policy,2457600,2.4576,0.003857997013255954,1790232660.9228966
adaptive,loss/policy,3686400,3.6864,0.003859529737383127,1790232776.6008391
adaptive,loss/policy,4915200,4.9152,0.0026552060153335333,1790232932.0657582
adaptive,loss/policy,6144000,6.144,0.0019412001129239798,1790233082.3756652
adaptive,loss/policy,7372800,7.3728,0.0031238235533237457,1790233236.8999176
adaptive,loss/policy,8601600,8.6016,0.004268473479896784,1790233391.9167104
adaptive,loss/policy,9830400,9.8304,0.003450020682066679,1790233515.5548933
adaptive,loss/policy,11059200,11.0592,0.0031939614564180374,1790233633.4567506
adaptive,loss/policy,12288000,12.288,0.0021252885926514864,1790233751.4715922
adaptive,loss/policy,13516800,13.5168,0.002757580019533634,1790233866.4531388
adaptive,loss/policy,14745600,14.7456,0.0037532506976276636,1790233988.0392873
adaptive,loss/policy,15974400,15.9744,0.0030227061361074448,1790234147.2095258
adaptive,loss/value,12288,0.012288,0.3947035074234009,1790232442.9449801
adaptive,loss/value,1228800,1.2288,0.08036705106496811,1790232550.052605
adaptive,loss/value,2457600,2.4576,0.07078428566455841,1790232660.9230273
adaptive,loss/value,3686400,3.6864,0.04881793260574341,1790232776.6009736
adaptive,loss/value,4915200,4.9152,0.03682161867618561,1790232932.065894
adaptive,loss/value,6144000,6.144,0.03358794003725052,1790233082.3757913
adaptive,loss/value,7372800,7.3728,0.027988456189632416,1790233236.9000466
adaptive,loss/value,8601600,8.6016,0.0236726775765419,1790233391.9168365
adaptive,loss/value,9830400,9.8304,0.024248061701655388,1790233515.5550258
adaptive,loss/value,11059200,11.0592,0.021345989778637886,1790233633.4568765
adaptive,loss/value,12288000,12.288,0.022726446390151978,1790233751.4717185
adaptive,loss/value,13516800,13.5168,0.017821364104747772,1790233866.4532664
adaptive,loss/value,14745600,14.7456,0.015365323051810265,1790233988.0394146
adaptive,loss/value,15974400,15.9744,0.01836564764380455,1790234147.2096531
adaptive,penalty/action_rate,12288,0.012288,0.00042448367457836866,1790232442.9560218
adaptive,penalty/action_rate,1228800,1.2288,0.00043830685899592936,1790232550.0615711
adaptive,penalty/action_rate,2457600,2.4576,0.00044348291703499854,1790232660.934839
adaptive,penalty/action_rate,3686400,3.6864,0.00044727345812134445,1790232776.6098704
adaptive,penalty/action_rate,4915200,4.9152,0.0004505528195295483,1790232932.0745213
adaptive,penalty/action_rate,6144000,6.144,0.00045276788296177983,1790233082.3851602
adaptive,penalty/action_rate,7372800,7.3728,0.00045467482414096594,1790233236.9097388
adaptive,penalty/action_rate,8601600,8.6016,0.0004557050997391343,1790233391.9267254
adaptive,penalty/action_rate,9830400,9.8304,0.0004572438192553818,1790233515.564314
adaptive,penalty/action_rate,11059200,11.0592,0.0004580094537232071,1790233633.4654317
adaptive,penalty/action_rate,12288000,12.288,0.00045839801896363497,1790233751.4808917
adaptive,penalty/action_rate,13516800,13.5168,0.0004594802448991686,1790233866.4619951
adaptive,penalty/action_rate,14745600,14.7456,0.00045968161430209875,1790233988.051317
adaptive,penalty/action_rate,15974400,15.9744,0.00045989901991561055,1790234147.2202272
adaptive,penalty/ang_vel_xy,12288,0.012288,0.0007999917725101113,1790232442.9571714
adaptive,penalty/ang_vel_xy,1228800,1.2288,0.00047740008449181914,1790232550.062456
adaptive,penalty/ang_vel_xy,2457600,2.4576,0.00048152031376957893,1790232660.9358828
adaptive,penalty/ang_vel_xy,3686400,3.6864,0.0004713046073447913,1790232776.6107504
adaptive,penalty/ang_vel_xy,4915200,4.9152,0.00046750056208111346,1790232932.0754013
adaptive,penalty/ang_vel_xy,6144000,6.144,0.00046149204717949033,1790233082.3858895
adaptive,penalty/ang_vel_xy,7372800,7.3728,0.0004557491047307849,1790233236.9104164
adaptive,penalty/ang_vel_xy,8601600,8.6016,0.0004448520776350051,1790233391.9276466
adaptive,penalty/ang_vel_xy,9830400,9.8304,0.00044130688183940947,1790233515.565188
adaptive,penalty/ang_vel_xy,11059200,11.0592,0.0004402364429552108,1790233633.4662964
adaptive,penalty/ang_vel_xy,12288000,12.288,0.000431691762059927,1790233751.481774
adaptive,penalty/ang_vel_xy,13516800,13.5168,0.0004398817545734346,1790233866.462867
adaptive,penalty/ang_vel_xy,14745600,14.7456,0.00043860296136699617,1790233988.0522683
adaptive,penalty/ang_vel_xy,15974400,15.9744,0.0004325472400523722,1790234147.2209094
adaptive,penalty/collision,12288,0.012288,0.0,1790232442.9557407
adaptive,penalty/collision,1228800,1.2288,0.0,1790232550.061337
adaptive,penalty/collision,2457600,2.4576,0.0,1790232660.9345694
adaptive,penalty/collision,3686400,3.6864,0.0,1790232776.609652
adaptive,penalty/collision,4915200,4.9152,0.0,1790232932.0743155
adaptive,penalty/collision,6144000,6.144,0.0,1790233082.3850327
adaptive,penalty/collision,7372800,7.3728,0.0,1790233236.90961
adaptive,penalty/collision,8601600,8.6016,0.0,1790233391.9265966
adaptive,penalty/collision,9830400,9.8304,0.0,1790233515.5640965
adaptive,penalty/collision,11059200,11.0592,0.0,1790233633.4652102
adaptive,penalty/collision,12288000,12.288,0.0,1790233751.4806807
adaptive,penalty/collision,13516800,13.5168,0.0,1790233866.461778
adaptive,penalty/collision,14745600,14.7456,0.0,1790233988.0510812
adaptive,penalty/collision,15974400,15.9744,0.0,1790234147.2201002
adaptive,penalty/dof_acc,12288,0.012288,0.00025302727590315044,1790232442.9554503
adaptive,penalty/dof_acc,1228800,1.2288,0.00018938141874969006,1790232550.061116
adaptive,penalty/dof_acc,2457600,2.4576,0.00018374717910774052,1790232660.9342916
adaptive,penalty/dof_acc,3686400,3.6864,0.00017463626863900572,1790232776.6094253
adaptive,penalty/dof_acc,4915200,4.9152,0.00016676877567078918,1790232932.0741873
adaptive,penalty/dof_acc,6144000,6.144,0.00016017048619687557,1790233082.384905
adaptive,penalty/dof_acc,7372800,7.3728,0.00015288303256966174,1790233236.9094825
adaptive,penalty/dof_acc,8601600,8.6016,0.00014536851085722446,1790233391.9264705
adaptive,penalty/dof_acc,9830400,9.8304,0.0001397609303239733,1790233515.5638754
adaptive,penalty/dof_acc,11059200,11.0592,0.0001354325795546174,1790233633.464994
adaptive,penalty/dof_acc,12288000,12.288,0.00013135216431692243,1790233751.4804668
adaptive,penalty/dof_acc,13516800,13.5168,0.00013285293243825436,1790233866.4615595
adaptive,penalty/dof_acc,14745600,14.7456,0.00013274908997118473,1790233988.050839
adaptive,penalty/dof_acc,15974400,15.9744,0.00012989221431780607,1790234147.2199726
adaptive,penalty/feet_slip,12288,0.012288,0.0,1790232442.9563088
adaptive,penalty/feet_slip,1228800,1.2288,0.0,1790232550.061795
adaptive,penalty/feet_slip,2457600,2.4576,0.0,1790232660.9350953
adaptive,penalty/feet_slip,3686400,3.6864,0.0,1790232776.6100926
adaptive,penalty/feet_slip,4915200,4.9152,0.0,1790232932.0747457
adaptive,penalty/feet_slip,6144000,6.144,0.0,1790233082.3852873
adaptive,penalty/feet_slip,7372800,7.3728,0.0,1790233236.9098678
adaptive,penalty/feet_slip,8601600,8.6016,0.0,1790233391.926977
adaptive,penalty/feet_slip,9830400,9.8304,0.0,1790233515.564534
adaptive,penalty/feet_slip,11059200,11.0592,0.0,1790233633.4656546
adaptive,penalty/feet_slip,12288000,12.288,0.0,1790233751.4811115
adaptive,penalty/feet_slip,13516800,13.5168,0.0,1790233866.4622238
adaptive,penalty/feet_slip,14745600,14.7456,0.0,1790233988.0515563
adaptive,penalty/feet_slip,15974400,15.9744,0.0,1790234147.2203567
adaptive,penalty/impact_reduction,12288,0.012288,5.6995140766957775e-06,1790232442.956596
adaptive,penalty/impact_reduction,1228800,1.2288,2.6321074528823374e-06,1790232550.0620167
adaptive,penalty/impact_reduction,2457600,2.4576,2.4204869077948388e-06,1790232660.9353588
adaptive,penalty/impact_reduction,3686400,3.6864,2.157929429813521e-06,1790232776.6103137
adaptive,penalty/impact_reduction,4915200,4.9152,1.954463186848443e-06,1790232932.0749657
adaptive,penalty/impact_reduction,6144000,6.144,1.7861118521977914e-06,1790233082.3854258
adaptive,penalty/impact_reduction,7372800,7.3728,1.6316545270456118e-06,1790233236.9099941
adaptive,penalty/impact_reduction,8601600,8.6016,1.5099274150998099e-06,1790233391.9272065
adaptive,penalty/impact_reduction,9830400,9.8304,1.4320876289275475e-06,1790233515.564752
adaptive,penalty/impact_reduction,11059200,11.0592,1.390532588629867e-06,1790233633.46587
adaptive,penalty/impact_reduction,12288000,12.288,1.421957108505012e-06,1790233751.4813287
adaptive,penalty/impact_reduction,13516800,13.5168,1.6091981933641364e-06,1790233866.4624395
adaptive,penalty/impact_reduction,14745600,14.7456,1.8063050220007426e-06,1790233988.0517933
adaptive,penalty/impact_reduction,15974400,15.9744,1.87427872333501e-06,1790234147.2204852
adaptive,penalty/stumble,12288,0.012288,0.0,1790232442.956885
adaptive,penalty/stumble,1228800,1.2288,0.0,1790232550.062236
adaptive,penalty/stumble,2457600,2.4576,0.0,1790232660.9356227
adaptive,penalty/stumble,3686400,3.6864,0.0,1790232776.610532
adaptive,penalty/stumble,4915200,4.9152,0.0,1790232932.0751846
adaptive,penalty/stumble,6144000,6.144,0.0,1790233082.3856406
adaptive,penalty/stumble,7372800,7.3728,0.0,1790233236.9101908
adaptive,penalty/stumble,8601600,8.6016,0.0,1790233391.9274273
adaptive,penalty/stumble,9830400,9.8304,0.0,1790233515.56497
adaptive,penalty/stumble,11059200,11.0592,0.0,1790233633.4660842
adaptive,penalty/stumble,12288000,12.288,0.0,1790233751.4815588
adaptive,penalty/stumble,13516800,13.5168,0.0,1790233866.4626544
adaptive,penalty/stumble,14745600,14.7456,0.0,1790233988.0520318
adaptive,penalty/stumble,15974400,15.9744,0.0,1790234147.2206843
adaptive,penalty/torque,12288,0.012288,5.791524745291099e-05,1790232442.9551573
adaptive,penalty/torque,1228800,1.2288,6.112480332376435e-05,1790232550.0608943
adaptive,penalty/torque,2457600,2.4576,6.157255847938359e-05,1790232660.934027
adaptive,penalty/torque,3686400,3.6864,6.214720633579418e-05,1790232776.6091962
adaptive,penalty/torque,4915200,4.9152,6.295147613855079e-05,1790232932.0740592
adaptive,penalty/torque,6144000,6.144,6.429291534004733e-05,1790233082.3847792
adaptive,penalty/torque,7372800,7.3728,6.560385372722521e-05,1790233236.909338
adaptive,penalty/torque,8601600,8.6016,6.755768117727712e-05,1790233391.926343
adaptive,penalty/torque,9830400,9.8304,7.019073382252827e-05,1790233515.5636513
adaptive,penalty/torque,11059200,11.0592,7.448876567650586e-05,1790233633.4647772
adaptive,penalty/torque,12288000,12.288,8.106957102427259e-05,1790233751.4802508
adaptive,penalty/torque,13516800,13.5168,9.171885903924704e-05,1790233866.461327
adaptive,penalty/torque,14745600,14.7456,0.00010115473560290411,1790233988.0505958
adaptive,penalty/torque,15974400,15.9744,0.0001065971446223557,1790234147.2198453
adaptive,policy/action_std,12288,0.012288,0.3000663220882416,1790232442.945249
adaptive,policy/action_std,1228800,1.2288,0.30077534914016724,1790232550.0528684
adaptive,policy/action_std,2457600,2.4576,0.3008488416671753,1790232660.923286
adaptive,policy/action_std,3686400,3.6864,0.3009139895439148,1790232776.601238
adaptive,policy/action_std,4915200,4.9152,0.3009726107120514,1790232932.0661542
adaptive,policy/action_std,6144000,6.144,0.3010234534740448,1790233082.376047
adaptive,policy/action_std,7372800,7.3728,0.3010718524456024,1790233236.9005702
adaptive,policy/action_std,8601600,8.6016,0.3011208474636078,1790233391.9173427
adaptive,policy/action_std,9830400,9.8304,0.3011692762374878,1790233515.5555725
adaptive,policy/action_std,11059200,11.0592,0.3012208044528961,1790233633.4571288
adaptive,policy/action_std,12288000,12.288,0.3012728691101074,1790233751.471979
adaptive,policy/action_std,13516800,13.5168,0.3013276755809784,1790233866.453532
adaptive,policy/action_std,14745600,14.7456,0.3013770580291748,1790233988.0396693
adaptive,policy/action_std,15974400,15.9744,0.30142679810523987,1790234147.2101767
adaptive,policy/decoder_gain_mean,12288,0.012288,2.0,1790232442.9490886
adaptive,policy/decoder_gain_mean,1228800,1.2288,1.9983365535736084,1790232550.0564718
adaptive,policy/decoder_gain_mean,2457600,2.4576,1.9984095096588135,1790232660.9267807
adaptive,policy/decoder_gain_mean,3686400,3.6864,1.9984650611877441,1790232776.6043835
adaptive,policy/decoder_gain_mean,4915200,4.9152,1.998499870300293,1790232932.0692487
adaptive,policy/decoder_gain_mean,6144000,6.144,1.9984753131866455,1790233082.3796833
adaptive,policy/decoder_gain_mean,7372800,7.3728,1.9984296560287476,1790233236.9038596
adaptive,policy/decoder_gain_mean,8601600,8.6016,1.9983829259872437,1790233391.920584
adaptive,policy/decoder_gain_mean,9830400,9.8304,1.9983348846435547,1790233515.5589743
adaptive,policy/decoder_gain_mean,11059200,11.0592,1.9982842206954956,1790233633.4602957
adaptive,policy/decoder_gain_mean,12288000,12.288,1.9982861280441284,1790233751.4754505
adaptive,policy/decoder_gain_mean,13516800,13.5168,1.9982433319091797,1790233866.4565623
adaptive,policy/decoder_gain_mean,14745600,14.7456,1.9982093572616577,1790233988.0445452
adaptive,policy/decoder_gain_mean,15974400,15.9744,1.9981582164764404,1790234147.2132623
adaptive,policy/early_stopped,12288,0.012288,0.0,1790232442.9481864
adaptive,policy/early_stopped,1228800,1.2288,0.0,1790232550.055535
adaptive,policy/early_stopped,2457600,2.4576,0.0,1790232660.9261303
adaptive,policy/early_stopped,3686400,3.6864,0.0,1790232776.603889
adaptive,policy/early_stopped,4915200,4.9152,0.0,1790232932.0687428
adaptive,policy/early_stopped,6144000,6.144,0.0,1790233082.3788471
adaptive,policy/early_stopped,7372800,7.3728,0.0,1790233236.9033678
adaptive,policy/early_stopped,8601600,8.6016,0.0,1790233391.9200943
adaptive,policy/early_stopped,9830400,9.8304,0.0,1790233515.558367
adaptive,policy/early_stopped,11059200,11.0592,0.0,1790233633.4596841
adaptive,policy/early_stopped,12288000,12.288,0.0,1790233751.4748228
adaptive,policy/early_stopped,13516800,13.5168,0.0,1790233866.4560843
adaptive,policy/early_stopped,14745600,14.7456,0.0,1790233988.0425155
adaptive,policy/early_stopped,15974400,15.9744,0.0,1790234147.212775
adaptive,policy/entropy,12288,0.012288,2.580526351928711,1790232442.945116
adaptive,policy/entropy,1228800,1.2288,2.610542058944702,1790232550.0527365
adaptive,policy/entropy,2457600,2.4576,2.613473653793335,1790232660.9231582
adaptive,policy/entropy,3686400,3.6864,2.616072654724121,1790232776.601103
adaptive,policy/entropy,4915200,4.9152,2.6184158325195312,1790232932.0660255
adaptive,policy/entropy,6144000,6.144,2.6204452514648438,1790233082.3759189
adaptive,policy/entropy,7372800,7.3728,2.6223740577697754,1790233236.9001749
adaptive,policy/entropy,8601600,8.6016,2.624323606491089,1790233391.9169621
adaptive,policy/entropy,9830400,9.8304,2.6262521743774414,1790233515.5551634
adaptive,policy/entropy,11059200,11.0592,2.628310441970825,1790233633.4570036
adaptive,policy/entropy,12288000,12.288,2.630380153656006,1790233751.4718468
adaptive,policy/entropy,13516800,13.5168,2.6325631141662598,1790233866.4534023
adaptive,policy/entropy,14745600,14.7456,2.6345295906066895,1790233988.039541
adaptive,policy/entropy,15974400,15.9744,2.6365137100219727,1790234147.2097929
adaptive,policy/epochs_used,12288,0.012288,3.0,1790232442.9478695
adaptive,policy/epochs_used,1228800,1.2288,3.0,1790232550.0552824
adaptive,policy/epochs_used,2457600,2.4576,3.0,1790232660.925889
adaptive,policy/epochs_used,3686400,3.6864,3.0,1790232776.603665
adaptive,policy/epochs_used,4915200,4.9152,3.0,1790232932.0685241
adaptive,policy/epochs_used,6144000,6.144,3.0,1790233082.3786066
adaptive,policy/epochs_used,7372800,7.3728,3.0,1790233236.903141
adaptive,policy/epochs_used,8601600,8.6016,3.0,1790233391.9198766
adaptive,policy/epochs_used,9830400,9.8304,3.0,1790233515.558105
adaptive,policy/epochs_used,11059200,11.0592,3.0,1790233633.459471
adaptive,policy/epochs_used,12288000,12.288,3.0,1790233751.4745908
adaptive,policy/epochs_used,13516800,13.5168,3.0,1790233866.4558713
adaptive,policy/epochs_used,14745600,14.7456,3.0,1790233988.0422733
adaptive,policy/epochs_used,15974400,15.9744,3.0,1790234147.2125597
adaptive,policy/grad_norm,12288,0.012288,5.359377384185791,1790232442.947241
adaptive,policy/grad_norm,1228800,1.2288,0.8154156804084778,1790232550.0548458
adaptive,policy/grad_norm,2457600,2.4576,1.140015959739685,1790232660.9253993
adaptive,policy/grad_norm,3686400,3.6864,0.9034281373023987,1790232776.60323
adaptive,policy/grad_norm,4915200,4.9152,0.8948205709457397,1790232932.0680885
adaptive,policy/grad_norm,6144000,6.144,1.0784367322921753,1790233082.3781302
adaptive,policy/grad_norm,7372800,7.3728,0.8380295038223267,1790233236.902635
adaptive,policy/grad_norm,8601600,8.6016,0.7518835067749023,1790233391.9194403
adaptive,policy/grad_norm,9830400,9.8304,0.5232108235359192,1790233515.5575044
adaptive,policy/grad_norm,11059200,11.0592,0.42799556255340576,1790233633.4590492
adaptive,policy/grad_norm,12288000,12.288,0.39945316314697266,1790233751.4741254
adaptive,policy/grad_norm,13516800,13.5168,0.38916733860969543,1790233866.4554493
adaptive,policy/grad_norm,14745600,14.7456,0.5284189581871033,1790233988.0417674
adaptive,policy/grad_norm,15974400,15.9744,0.3681880235671997,1790234147.2121308
adaptive,policy/kl,12288,0.012288,0.00012089809024473652,1790232442.9453948
adaptive,policy/kl,1228800,1.2288,0.005781952291727066,1790232550.0532115
adaptive,policy/kl,2457600,2.4576,0.008543377742171288,1790232660.923638
adaptive,policy/kl,3686400,3.6864,0.008639121428132057,1790232776.6015983
adaptive,policy/kl,4915200,4.9152,0.007683217525482178,1790232932.0664916
adaptive,policy/kl,6144000,6.144,0.006604624912142754,1790233082.3763769
adaptive,policy/kl,7372800,7.3728,0.007342263124883175,1790233236.9009016
adaptive,policy/kl,8601600,8.6016,0.009330304339528084,1790233391.9176936
adaptive,policy/kl,9830400,9.8304,0.007572985719889402,1790233515.5559068
adaptive,policy/kl,11059200,11.0592,0.008322198875248432,1790233633.4574804
adaptive,policy/kl,12288000,12.288,0.008330133743584156,1790233751.472339
adaptive,policy/kl,13516800,13.5168,0.008025544695556164,1790233866.4538698
adaptive,policy/kl,14745600,14.7456,0.011580047197639942,1790233988.0400045
adaptive,policy/kl,15974400,15.9744,0.00938768032938242,1790234147.2105584
adaptive,policy/lr,12288,0.012288,0.00011000000085914508,1790232442.946913
adaptive,policy/lr,1228800,1.2288,1.462146769881656e-06,1790232550.0546262
adaptive,policy/lr,2457600,2.4576,9.999999974752427e-07,1790232660.9251482
adaptive,policy/lr,3686400,3.6864,9.999999974752427e-07,1790232776.6030073
adaptive,policy/lr,4915200,4.9152,9.999999974752427e-07,1790232932.06787
adaptive,policy/lr,6144000,6.144,9.999999974752427e-07,1790233082.3778913
adaptive,policy/lr,7372800,7.3728,9.999999974752427e-07,1790233236.9023805
adaptive,policy/lr,8601600,8.6016,9.999999974752427e-07,1790233391.919219
adaptive,policy/lr,9830400,9.8304,9.999999974752427e-07,1790233515.5572696
adaptive,policy/lr,11059200,11.0592,9.999999974752427e-07,1790233633.4588368
adaptive,policy/lr,12288000,12.288,9.999999974752427e-07,1790233751.4738874
adaptive,policy/lr,13516800,13.5168,9.999999974752427e-07,1790233866.4552364
adaptive,policy/lr,14745600,14.7456,9.999999974752427e-07,1790233988.0415173
adaptive,policy/lr,15974400,15.9744,9.999999974752427e-07,1790234147.2119117
adaptive,policy/max_abs_log_ratio,12288,0.012288,0.01226043701171875,1790232442.9475543
adaptive,policy/max_abs_log_ratio,1228800,1.2288,2.176788330078125,1790232550.0550628
adaptive,policy/max_abs_log_ratio,2457600,2.4576,2.6259279251098633,1790232660.925648
adaptive,policy/max_abs_log_ratio,3686400,3.6864,3.0570855140686035,1790232776.6034472
adaptive,policy/max_abs_log_ratio,4915200,4.9152,2.5821170806884766,1790232932.0683055
adaptive,policy/max_abs_log_ratio,6144000,6.144,2.7480711936950684,1790233082.3783686
adaptive,policy/max_abs_log_ratio,7372800,7.3728,2.853884696960449,1790233236.9029095
adaptive,policy/max_abs_log_ratio,8601600,8.6016,2.6177282333374023,1790233391.9196572
adaptive,policy/max_abs_log_ratio,9830400,9.8304,2.7005157470703125,1790233515.5577738
adaptive,policy/max_abs_log_ratio,11059200,11.0592,3.4462509155273438,1790233633.4592583
adaptive,policy/max_abs_log_ratio,12288000,12.288,3.343827247619629,1790233751.474358
adaptive,policy/max_abs_log_ratio,13516800,13.5168,3.541520118713379,1790233866.4556596
adaptive,policy/max_abs_log_ratio,14745600,14.7456,3.4735870361328125,1790233988.0420055
adaptive,policy/max_abs_log_ratio,15974400,15.9744,2.9039626121520996,1790234147.212346
adaptive,policy/max_kl,12288,0.012288,0.00012230873107910156,1790232442.9455311
adaptive,policy/max_kl,1228800,1.2288,0.012357920408248901,1790232550.0534654
adaptive,policy/max_kl,2457600,2.4576,0.016299830749630928,1790232660.9239051
adaptive,policy/max_kl,3686400,3.6864,0.016819050535559654,1790232776.6018481
adaptive,policy/max_kl,4915200,4.9152,0.015467023476958275,1790232932.066737
adaptive,policy/max_kl,6144000,6.144,0.012703618966042995,1790233082.3766382
adaptive,policy/max_kl,7372800,7.3728,0.015217337757349014,1790233236.90114
adaptive,policy/max_kl,8601600,8.6016,0.019364159554243088,1790233391.9179325
adaptive,policy/max_kl,9830400,9.8304,0.01495978981256485,1790233515.5561433
adaptive,policy/max_kl,11059200,11.0592,0.015636924654245377,1790233633.4577243
adaptive,policy/max_kl,12288000,12.288,0.01709161512553692,1790233751.4725792
adaptive,policy/max_kl,13516800,13.5168,0.016875995323061943,1790233866.4541137
adaptive,policy/max_kl,14745600,14.7456,0.024956591427326202,1790233988.0402606
adaptive,policy/max_kl,15974400,15.9744,0.018023882061243057,1790234147.2107983
adaptive,policy/mean_abs,12288,0.012288,0.0,1790232442.9502244
adaptive,policy/mean_abs,1228800,1.2288,0.020739272236824036,1790232550.0575225
adaptive,policy/mean_abs,2457600,2.4576,0.03534618020057678,1790232660.9278393
adaptive,policy/mean_abs,3686400,3.6864,0.0451195202767849,1790232776.6053247
adaptive,policy/mean_abs,4915200,4.9152,0.053831152617931366,1790232932.0703347
adaptive,policy/mean_abs,6144000,6.144,0.06084587424993515,1790233082.380761
adaptive,policy/mean_abs,7372800,7.3728,0.0652831643819809,1790233236.904797
adaptive,policy/mean_abs,8601600,8.6016,0.06885339319705963,1790233391.9223137
adaptive,policy/mean_abs,9830400,9.8304,0.07151424139738083,1790233515.559898
adaptive,policy/mean_abs,11059200,11.0592,0.07315404713153839,1790233633.4612155
adaptive,policy/mean_abs,12288000,12.288,0.07475340366363525,1790233751.4764693
adaptive,policy/mean_abs,13516800,13.5168,0.07693710178136826,1790233866.4575021
adaptive,policy/mean_abs,14745600,14.7456,0.07792554795742035,1790233988.046891
adaptive,policy/mean_abs,15974400,15.9744,0.07712162286043167,1790234147.2143347
adaptive,policy/optimizer_steps,12288,0.012288,3.0,1790232442.9458098
adaptive,policy/optimizer_steps,1228800,1.2288,3.0,1790232550.0539393
adaptive,policy/optimizer_steps,2457600,2.4576,3.0,1790232660.9244173
adaptive,policy/optimizer_steps,3686400,3.6864,3.0,1790232776.602323
adaptive,policy/optimizer_steps,4915200,4.9152,3.0,1790232932.0671997
adaptive,policy/optimizer_steps,6144000,6.144,3.0,1790233082.3771417
adaptive,policy/optimizer_steps,7372800,7.3728,3.0,1790233236.901686
adaptive,policy/optimizer_steps,8601600,8.6016,3.0,1790233391.9184632
adaptive,policy/optimizer_steps,9830400,9.8304,3.0,1790233515.5566025
adaptive,policy/optimizer_steps,11059200,11.0592,3.0,1790233633.4581819
adaptive,policy/optimizer_steps,12288000,12.288,3.0,1790233751.473134
adaptive,policy/optimizer_steps,13516800,13.5168,3.0,1790233866.4545782
adaptive,policy/optimizer_steps,14745600,14.7456,3.0,1790233988.040755
adaptive,policy/optimizer_steps,15974400,15.9744,3.0,1790234147.2112577
adaptive,policy/rejected_kl,12288,0.012288,0.0,1790232442.9456766
adaptive,policy/rejected_kl,1228800,1.2288,0.0,1790232550.0537074
adaptive,policy/rejected_kl,2457600,2.4576,0.0,1790232660.9241676
adaptive,policy/rejected_kl,3686400,3.6864,0.0,1790232776.6020906
adaptive,policy/rejected_kl,4915200,4.9152,0.0,1790232932.066971
adaptive,policy/rejected_kl,6144000,6.144,0.0,1790233082.3768945
adaptive,policy/rejected_kl,7372800,7.3728,0.0,1790233236.901373
adaptive,policy/rejected_kl,8601600,8.6016,0.0,1790233391.9182267
adaptive,policy/rejected_kl,9830400,9.8304,0.0,1790233515.556378
adaptive,policy/rejected_kl,11059200,11.0592,0.0,1790233633.4579587
adaptive,policy/rejected_kl,12288000,12.288,0.0,1790233751.472863
adaptive,policy/rejected_kl,13516800,13.5168,0.0,1790233866.4543524
adaptive,policy/rejected_kl,14745600,14.7456,0.0,1790233988.040512
adaptive,policy/rejected_kl,15974400,15.9744,0.0,1790234147.2110307
adaptive,reward/imitation_angles,12288,0.012288,0.03300238773226738,1790232442.9538717
adaptive,reward/imitation_angles,1228800,1.2288,0.028510458767414093,1790232550.0600386
adaptive,reward/imitation_angles,2457600,2.4576,0.02700216695666313,1790232660.9311008
adaptive,reward/imitation_angles,3686400,3.6864,0.02533126063644886,1790232776.6082506
adaptive,reward/imitation_angles,4915200,4.9152,0.02376464381814003,1790232932.0733862
adaptive,reward/imitation_angles,6144000,6.144,0.021986445412039757,1790233082.3840926
adaptive,reward/imitation_angles,7372800,7.3728,0.020392680540680885,1790233236.908671
adaptive,reward/imitation_angles,8601600,8.6016,0.018607523292303085,1790233391.9256856
adaptive,reward/imitation_angles,9830400,9.8304,0.016815990209579468,1790233515.5629172
adaptive,reward/imitation_angles,11059200,11.0592,0.01466394029557705,1790233633.4638512
adaptive,reward/imitation_angles,12288000,12.288,0.012219207361340523,1790233751.4793203
adaptive,reward/imitation_angles,13516800,13.5168,0.009395132772624493,1790233866.4604018
adaptive,reward/imitation_angles,14745600,14.7456,0.007319657132029533,1790233988.0498178
adaptive,reward/imitation_angles,15974400,15.9744,0.005863700993359089,1790234147.219165
adaptive,reward/imitation_foot,12288,0.012288,0.026825418695807457,1790232442.954021
adaptive,reward/imitation_foot,1228800,1.2288,0.018542975187301636,1790232550.0601869
adaptive,reward/imitation_foot,2457600,2.4576,0.016960088163614273,1790232660.9327855
adaptive,reward/imitation_foot,3686400,3.6864,0.015214101411402225,1790232776.6084018
adaptive,reward/imitation_foot,4915200,4.9152,0.013468100689351559,1790232932.0735369
adaptive,reward/imitation_foot,6144000,6.144,0.011604305356740952,1790233082.3842518
adaptive,reward/imitation_foot,7372800,7.3728,0.010030592791736126,1790233236.9088218
adaptive,reward/imitation_foot,8601600,8.6016,0.008394128642976284,1790233391.9258306
adaptive,reward/imitation_foot,9830400,9.8304,0.006852263119071722,1790233515.563062
adaptive,reward/imitation_foot,11059200,11.0592,0.005310703534632921,1790233633.4639947
adaptive,reward/imitation_foot,12288000,12.288,0.0038717095740139484,1790233751.4794657
adaptive,reward/imitation_foot,13516800,13.5168,0.002691645873710513,1790233866.4605446
adaptive,reward/imitation_foot,14745600,14.7456,0.002026241971179843,1790233988.0499656
adaptive,reward/imitation_foot,15974400,15.9744,0.0016530549619346857,1790234147.2193203
adaptive,reward/imitation_quat,12288,0.012288,0.009967334568500519,1790232442.9543085
adaptive,reward/imitation_quat,1228800,1.2288,0.008646558970212936,1790232550.060326
adaptive,reward/imitation_quat,2457600,2.4576,0.008705984801054,1790232660.9331386
adaptive,reward/imitation_quat,3686400,3.6864,0.008857736364006996,1790232776.6085374
adaptive,reward/imitation_quat,4915200,4.9152,0.008983938954770565,1790232932.073671
adaptive,reward/imitation_quat,6144000,6.144,0.009105782024562359,1790233082.384389
adaptive,reward/imitation_quat,7372800,7.3728,0.009261392056941986,1790233236.908956
adaptive,reward/imitation_quat,8601600,8.6016,0.009374536573886871,1790233391.9259624
adaptive,reward/imitation_quat,9830400,9.8304,0.009480874054133892,1790233515.5631933
adaptive,reward/imitation_quat,11059200,11.0592,0.009540563449263573,1790233633.464126
adaptive,reward/imitation_quat,12288000,12.288,0.009594276547431946,1790233751.4796016
adaptive,reward/imitation_quat,13516800,13.5168,0.0095901470631361,1790233866.4606767
adaptive,reward/imitation_quat,14745600,14.7456,0.009613372385501862,1790233988.0500994
adaptive,reward/imitation_quat,15974400,15.9744,0.00961096491664648,1790234147.2194579
adaptive,reward/tracking_ang,12288,0.012288,0.01765412837266922,1790232442.9548814
adaptive,reward/tracking_ang,1228800,1.2288,0.01738268882036209,1790232550.0606716
adaptive,reward/tracking_ang,2457600,2.4576,0.01713603548705578,1790232660.933759
adaptive,reward/tracking_ang,3686400,3.6864,0.016866758465766907,1790232776.6089785
adaptive,reward/tracking_ang,4915200,4.9152,0.016744084656238556,1790232932.0739315
adaptive,reward/tracking_ang,6144000,6.144,0.016507580876350403,1790233082.3846529
adaptive,reward/tracking_ang,7372800,7.3728,0.01644028164446354,1790233236.9092107
adaptive,reward/tracking_ang,8601600,8.6016,0.016171585768461227,1790233391.9262173
adaptive,reward/tracking_ang,9830400,9.8304,0.016177184879779816,1790233515.5634508
adaptive,reward/tracking_ang,11059200,11.0592,0.015952827408909798,1790233633.464564
adaptive,reward/tracking_ang,12288000,12.288,0.015765480697155,1790233751.4800363
adaptive,reward/tracking_ang,13516800,13.5168,0.015542205423116684,1790233866.4611123
adaptive,reward/tracking_ang,14745600,14.7456,0.015721578150987625,1790233988.0503557
adaptive,reward/tracking_ang,15974400,15.9744,0.015979699790477753,1790234147.2197173
adaptive,reward/tracking_lin,12288,0.012288,0.027180513367056847,1790232442.9545927
adaptive,reward/tracking_lin,1228800,1.2288,0.0312480665743351,1790232550.0604615
adaptive,reward/tracking_lin,2457600,2.4576,0.03060632385313511,1790232660.933461
adaptive,reward/tracking_lin,3686400,3.6864,0.03024139814078808,1790232776.6087575
adaptive,reward/tracking_lin,4915200,4.9152,0.029907433316111565,1790232932.073802
adaptive,reward/tracking_lin,6144000,6.144,0.029540469869971275,1790233082.3845193
adaptive,reward/tracking_lin,7372800,7.3728,0.029293114319443703,1790233236.9090836
adaptive,reward/tracking_lin,8601600,8.6016,0.029336072504520416,1790233391.9260907
adaptive,reward/tracking_lin,9830400,9.8304,0.029073579236865044,1790233515.5633235
adaptive,reward/tracking_lin,11059200,11.0592,0.028859227895736694,1790233633.4643474
adaptive,reward/tracking_lin,12288000,12.288,0.0290724765509367,1790233751.47982
adaptive,reward/tracking_lin,13516800,13.5168,0.028844639658927917,1790233866.4608955
adaptive,reward/tracking_lin,14745600,14.7456,0.028696656227111816,1790233988.0502274
adaptive,reward/tracking_lin,15974400,15.9744,0.029041875153779984,1790234147.2195883
adaptive,snn/spike_rate_l1,12288,0.012288,0.021425247192382812,1790232442.9495792
adaptive,snn/spike_rate_l1,1228800,1.2288,0.09136517345905304,1790232550.0568812
adaptive,snn/spike_rate_l1,2457600,2.4576,0.11009887605905533,1790232660.927147
adaptive,snn/spike_rate_l1,3686400,3.6864,0.1197313591837883,1790232776.604697
adaptive,snn/spike_rate_l1,4915200,4.9152,0.127913236618042,1790232932.0697408
adaptive,snn/spike_rate_l1,6144000,6.144,0.13445311784744263,1790233082.3801079
adaptive,snn/spike_rate_l1,7372800,7.3728,0.13827398419380188,1790233236.90417
adaptive,snn/spike_rate_l1,8601600,8.6016,0.14125779271125793,1790233391.921694
adaptive,snn/spike_rate_l1,9830400,9.8304,0.14342287182807922,1790233515.5593169
adaptive,snn/spike_rate_l1,11059200,11.0592,0.1445791870355606,1790233633.460642
adaptive,snn/spike_rate_l1,12288000,12.288,0.14580708742141724,1790233751.4758387
adaptive,snn/spike_rate_l1,13516800,13.5168,0.14811944961547852,1790233866.456869
adaptive,snn/spike_rate_l1,14745600,14.7456,0.14934153854846954,1790233988.04619
adaptive,snn/spike_rate_l1,15974400,15.9744,0.1484852433204651,1790234147.213756
adaptive,snn/spike_rate_l2,12288,0.012288,0.00041675567626953125,1790232442.9498138
adaptive,snn/spike_rate_l2,1228800,1.2288,0.04681273177266121,1790232550.0571132
adaptive,snn/spike_rate_l2,2457600,2.4576,0.06448225677013397,1790232660.9274032
adaptive,snn/spike_rate_l2,3686400,3.6864,0.07424364984035492,1790232776.6049325
adaptive,snn/spike_rate_l2,4915200,4.9152,0.08253198117017746,1790232932.0699284
adaptive,snn/spike_rate_l2,6144000,6.144,0.08910926431417465,1790233082.3803198
adaptive,snn/spike_rate_l2,7372800,7.3728,0.09304206818342209,1790233236.9044075
adaptive,snn/spike_rate_l2,8601600,8.6016,0.09605489671230316,1790233391.9219239
adaptive,snn/spike_rate_l2,9830400,9.8304,0.0981975570321083,1790233515.5595047
adaptive,snn/spike_rate_l2,11059200,11.0592,0.09927982836961746,1790233633.4608257
adaptive,snn/spike_rate_l2,12288000,12.288,0.10034291446208954,1790233751.47604
adaptive,snn/spike_rate_l2,13516800,13.5168,0.1022643968462944,1790233866.4571016
adaptive,snn/spike_rate_l2,14745600,14.7456,0.10309454798698425,1790233988.0464442
adaptive,snn/spike_rate_l2,15974400,15.9744,0.10206285119056702,1790234147.2139423
adaptive,snn/spike_rate_l3,12288,0.012288,0.0,1790232442.9500346
adaptive,snn/spike_rate_l3,1228800,1.2288,0.007900341413915157,1790232550.0572958
adaptive,snn/spike_rate_l3,2457600,2.4576,0.014889353886246681,1790232660.9276066
adaptive,snn/spike_rate_l3,3686400,3.6864,0.0199116300791502,1790232776.6051154
adaptive,snn/spike_rate_l3,4915200,4.9152,0.02450142800807953,1790232932.0701625
adaptive,snn/spike_rate_l3,6144000,6.144,0.028269190341234207,1790233082.3805714
adaptive,snn/spike_rate_l3,7372800,7.3728,0.030675465241074562,1790233236.9045913
adaptive,snn/spike_rate_l3,8601600,8.6016,0.032577093690633774,1790233391.9221022
adaptive,snn/spike_rate_l3,9830400,9.8304,0.03396841883659363,1790233515.5597305
adaptive,snn/spike_rate_l3,11059200,11.0592,0.03476119041442871,1790233633.4610512
adaptive,snn/spike_rate_l3,12288000,12.288,0.03554126247763634,1790233751.4762855
adaptive,snn/spike_rate_l3,13516800,13.5168,0.036794815212488174,1790233866.4572814
adaptive,snn/spike_rate_l3,14745600,14.7456,0.03743518143892288,1790233988.0466573
adaptive,snn/spike_rate_l3,15974400,15.9744,0.037024084478616714,1790234147.214168
adaptive,test/min_survival,12288,0.012288,1.0,1790232442.9461992
adaptive,test/min_survival,1228800,1.2288,1.0,1790232550.0541701
adaptive,test/min_survival,2457600,2.4576,1.0,1790232660.924659
adaptive,test/min_survival,3686400,3.6864,1.0,1790232776.6025562
adaptive,test/min_survival,4915200,4.9152,1.0,1790232932.0674226
adaptive,test/min_survival,6144000,6.144,1.0,1790233082.3773985
adaptive,test/min_survival,7372800,7.3728,1.0,1790233236.9019225
adaptive,test/min_survival,8601600,8.6016,1.0,1790233391.9186935
adaptive,test/min_survival,9830400,9.8304,1.0,1790233515.5568237
adaptive,test/min_survival,11059200,11.0592,1.0,1790233633.4584017
adaptive,test/min_survival,12288000,12.288,1.0,1790233751.4733903
adaptive,test/min_survival,13516800,13.5168,1.0,1790233866.454798
adaptive,test/min_survival,14745600,14.7456,1.0,1790233988.0409968
adaptive,test/min_survival,15974400,15.9744,1.0,1790234147.211477
adaptive,test/min_tracking,12288,0.012288,0.0,1790232442.9465692
adaptive,test/min_tracking,1228800,1.2288,0.0,1790232550.0543983
adaptive,test/min_tracking,2457600,2.4576,0.0,1790232660.9248998
adaptive,test/min_tracking,3686400,3.6864,0.0,1790232776.602783
adaptive,test/min_tracking,4915200,4.9152,0.0,1790232932.0676465
adaptive,test/min_tracking,6144000,6.144,0.0,1790233082.3776484
adaptive,test/min_tracking,7372800,7.3728,0.0,1790233236.9021504
adaptive,test/min_tracking,8601600,8.6016,0.0,1790233391.9189813
adaptive,test/min_tracking,9830400,9.8304,0.0,1790233515.557046
adaptive,test/min_tracking,11059200,11.0592,0.0,1790233633.4586196
adaptive,test/min_tracking,12288000,12.288,0.0,1790233751.473646
adaptive,test/min_tracking,13516800,13.5168,0.0,1790233866.4550164
adaptive,test/min_tracking,14745600,14.7456,0.0,1790233988.0412402
adaptive,test/min_tracking,15974400,15.9744,0.0,1790234147.2116961
adaptive,test/前進,12288,0.012288,25.0,1790232442.9511032
adaptive,test/前進,1228800,1.2288,25.0,1790232550.0580022
adaptive,test/前進,2457600,2.4576,25.0,1790232660.928794
adaptive,test/前進,3686400,3.6864,25.0,1790232776.6060922
adaptive,test/前進,4915200,4.9152,25.0,1790232932.0710204
adaptive,test/前進,6144000,6.144,25.0,1790233082.3815193
adaptive,test/前進,7372800,7.3728,25.0,1790233236.9054322
adaptive,test/前進,8601600,8.6016,25.0,1790233391.9233892
adaptive,test/前進,9830400,9.8304,25.0,1790233515.5605004
adaptive,test/前進,11059200,11.0592,25.100000381469727,1790233633.4619427
adaptive,test/前進,12288000,12.288,25.0,1790233751.477112
adaptive,test/前進,13516800,13.5168,25.100000381469727,1790233866.458036
adaptive,test/前進,14745600,14.7456,25.0,1790233988.0476296
adaptive,test/前進,15974400,15.9744,25.0,1790234147.2149398
adaptive,test/前進_survival,12288,0.012288,1.0,1790232442.951258
adaptive,test/前進_survival,1228800,1.2288,1.0,1790232550.0581636
adaptive,test/前進_survival,2457600,2.4576,1.0,1790232660.92895
adaptive,test/前進_survival,3686400,3.6864,1.0,1790232776.606253
adaptive,test/前進_survival,4915200,4.9152,1.0,1790232932.0711772
adaptive,test/前進_survival,6144000,6.144,1.0,1790233082.3816824
adaptive,test/前進_survival,7372800,7.3728,1.0,1790233236.9055865
adaptive,test/前進_survival,8601600,8.6016,1.0,1790233391.9235456
adaptive,test/前進_survival,9830400,9.8304,1.0,1790233515.560652
adaptive,test/前進_survival,11059200,11.0592,1.0,1790233633.462095
adaptive,test/前進_survival,12288000,12.288,1.0,1790233751.4772878
adaptive,test/前進_survival,13516800,13.5168,1.0,1790233866.4581854
adaptive,test/前進_survival,14745600,14.7456,1.0,1790233988.047799
adaptive,test/前進_survival,15974400,15.9744,1.0,1790234147.2150905
adaptive,test/前進_tracking,12288,0.012288,0.0,1790232442.951396
adaptive,test/前進_tracking,1228800,1.2288,0.0,1790232550.0583055
adaptive,test/前進_tracking,2457600,2.4576,0.0,1790232660.9290917
adaptive,test/前進_tracking,3686400,3.6864,0.0,1790232776.6063924
adaptive,test/前進_tracking,4915200,4.9152,0.0,1790232932.0713186
adaptive,test/前進_tracking,6144000,6.144,0.0,1790233082.3818276
adaptive,test/前進_tracking,7372800,7.3728,0.0,1790233236.9057229
adaptive,test/前進_tracking,8601600,8.6016,0.0,1790233391.923684
adaptive,test/前進_tracking,9830400,9.8304,0.0,1790233515.5607896
adaptive,test/前進_tracking,11059200,11.0592,0.0,1790233633.4622307
adaptive,test/前進_tracking,12288000,12.288,0.0,1790233751.477459
adaptive,test/前進_tracking,13516800,13.5168,0.0,1790233866.4583201
adaptive,test/前進_tracking,14745600,14.7456,0.0,1790233988.0479436
adaptive,test/前進_tracking,15974400,15.9744,0.0,1790234147.215226
adaptive,test/左旋回,12288,0.012288,25.700000762939453,1790232442.9528174
adaptive,test/左旋回,1228800,1.2288,25.700000762939453,1790232550.0592387
adaptive,test/左旋回,2457600,2.4576,25.700000762939453,1790232660.9301758
adaptive,test/左旋回,3686400,3.6864,25.700000762939453,1790232776.607395
adaptive,test/左旋回,4915200,4.9152,25.700000762939453,1790232932.0722396
adaptive,test/左旋回,6144000,6.144,25.700000762939453,1790233082.3827457
adaptive,test/左旋回,7372800,7.3728,25.700000762939453,1790233236.9068964
adaptive,test/左旋回,8601600,8.6016,25.700000762939453,1790233391.924592
adaptive,test/左旋回,9830400,9.8304,25.700000762939453,1790233515.561906
adaptive,test/左旋回,11059200,11.0592,25.700000762939453,1790233633.4631264
adaptive,test/左旋回,12288000,12.288,25.700000762939453,1790233751.478469
adaptive,test/左旋回,13516800,13.5168,25.700000762939453,1790233866.4595804
adaptive,test/左旋回,14745600,14.7456,25.700000762939453,1790233988.048877
adaptive,test/左旋回,15974400,15.9744,25.700000762939453,1790234147.2161984
adaptive,test/左旋回_survival,12288,0.012288,1.0,1790232442.9531064
adaptive,test/左旋回_survival,1228800,1.2288,1.0,1790232550.0593674
adaptive,test/左旋回_survival,2457600,2.4576,1.0,1790232660.9303386
adaptive,test/左旋回_survival,3686400,3.6864,1.0,1790232776.607619
adaptive,test/左旋回_survival,4915200,4.9152,1.0,1790232932.0724478
adaptive,test/左旋回_survival,6144000,6.144,1.0,1790233082.3828766
adaptive,test/左旋回_survival,7372800,7.3728,1.0,1790233236.907114
adaptive,test/左旋回_survival,8601600,8.6016,1.0,1790233391.9247193
adaptive,test/左旋回_survival,9830400,9.8304,1.0,1790233515.562125
adaptive,test/左旋回_survival,11059200,11.0592,1.0,1790233633.4632523
adaptive,test/左旋回_survival,12288000,12.288,1.0,1790233751.478697
adaptive,test/左旋回_survival,13516800,13.5168,1.0,1790233866.4597933
adaptive,test/左旋回_survival,14745600,14.7456,1.0,1790233988.0490074
adaptive,test/左旋回_survival,15974400,15.9744,1.0,1790234147.2164166
adaptive,test/左旋回_tracking,12288,0.012288,0.0,1790232442.9534018
adaptive,test/左旋回_tracking,1228800,1.2288,0.0,1790232550.0595658
adaptive,test/左旋回_tracking,2457600,2.4576,0.0,1790232660.9306266
adaptive,test/左旋回_tracking,3686400,3.6864,0.0,1790232776.6078382
adaptive,test/左旋回_tracking,4915200,4.9152,0.0013843178749084473,1790232932.0726688
adaptive,test/左旋回_tracking,6144000,6.144,0.0006822943687438965,1790233082.3830874
adaptive,test/左旋回_tracking,7372800,7.3728,0.0,1790233236.9073274
adaptive,test/左旋回_tracking,8601600,8.6016,0.0,1790233391.9249113
adaptive,test/左旋回_tracking,9830400,9.8304,0.0,1790233515.562346
adaptive,test/左旋回_tracking,11059200,11.0592,0.0,1790233633.4634507
adaptive,test/左旋回_tracking,12288000,12.288,0.0004889369010925293,1790233751.478914
adaptive,test/左旋回_tracking,13516800,13.5168,0.0006324052810668945,1790233866.4600048
adaptive,test/左旋回_tracking,14745600,14.7456,0.0013231635093688965,1790233988.049217
adaptive,test/左旋回_tracking,15974400,15.9744,0.0,1790234147.216631
adaptive,test/左移動,12288,0.012288,25.100000381469727,1790232442.9519265
adaptive,test/左移動,1228800,1.2288,25.0,1790232550.0588443
adaptive,test/左移動,2457600,2.4576,25.0,1790232660.929645
adaptive,test/左移動,3686400,3.6864,25.0,1790232776.6069224
adaptive,test/左移動,4915200,4.9152,25.0,1790232932.0718515
adaptive,test/左移動,6144000,6.144,25.0,1790233082.3823574
adaptive,test/左移動,7372800,7.3728,25.100000381469727,1790233236.9062383
adaptive,test/左移動,8601600,8.6016,25.0,1790233391.9242084
adaptive,test/左移動,9830400,9.8304,25.0,1790233515.5613105
adaptive,test/左移動,11059200,11.0592,25.100000381469727,1790233633.462742
adaptive,test/左移動,12288000,12.288,25.100000381469727,1790233751.4780042
adaptive,test/左移動,13516800,13.5168,25.0,1790233866.4589267
adaptive,test/左移動,14745600,14.7456,25.0,1790233988.0484831
adaptive,test/左移動,15974400,15.9744,25.0,1790234147.2157397
adaptive,test/左移動_survival,12288,0.012288,1.0,1790232442.952224
adaptive,test/左移動_survival,1228800,1.2288,1.0,1790232550.0589764
adaptive,test/左移動_survival,2457600,2.4576,1.0,1790232660.9298263
adaptive,test/左移動_survival,3686400,3.6864,1.0,1790232776.6070547
adaptive,test/左移動_survival,4915200,4.9152,1.0,1790232932.0719821
adaptive,test/左移動_survival,6144000,6.144,1.0,1790233082.3824868
adaptive,test/左移動_survival,7372800,7.3728,1.0,1790233236.9064574
adaptive,test/左移動_survival,8601600,8.6016,1.0,1790233391.9243364
adaptive,test/左移動_survival,9830400,9.8304,1.0,1790233515.5614576
adaptive,test/左移動_survival,11059200,11.0592,1.0,1790233633.462872
adaptive,test/左移動_survival,12288000,12.288,1.0,1790233751.4781322
adaptive,test/左移動_survival,13516800,13.5168,1.0,1790233866.459147
adaptive,test/左移動_survival,14745600,14.7456,1.0,1790233988.0486133
adaptive,test/左移動_survival,15974400,15.9744,1.0,1790234147.2158685
adaptive,test/左移動_tracking,12288,0.012288,0.0011934638023376465,1790232442.9525251
adaptive,test/左移動_tracking,1228800,1.2288,0.00026684999465942383,1790232550.0591083
adaptive,test/左移動_tracking,2457600,2.4576,0.0,1790232660.9300075
adaptive,test/左移動_tracking,3686400,3.6864,0.0006155967712402344,1790232776.607186
adaptive,test/左移動_tracking,4915200,4.9152,0.0006425380706787109,1790232932.0721107
adaptive,test/左移動_tracking,6144000,6.144,0.00014764070510864258,1790233082.382617
adaptive,test/左移動_tracking,7372800,7.3728,0.0,1790233236.9066796
adaptive,test/左移動_tracking,8601600,8.6016,0.0,1790233391.924465
adaptive,test/左移動_tracking,9830400,9.8304,0.0001634359359741211,1790233515.5616822
adaptive,test/左移動_tracking,11059200,11.0592,0.0,1790233633.4629996
adaptive,test/左移動_tracking,12288000,12.288,0.0004513859748840332,1790233751.478261
adaptive,test/左移動_tracking,13516800,13.5168,0.0,1790233866.4593644
adaptive,test/左移動_tracking,14745600,14.7456,0.001511991024017334,1790233988.048745
adaptive,test/左移動_tracking,15974400,15.9744,0.0,1790234147.2159958
adaptive,test/後退,12288,0.012288,25.799999237060547,1790232442.9515295
adaptive,test/後退,1228800,1.2288,25.700000762939453,1790232550.0584416
adaptive,test/後退,2457600,2.4576,25.700000762939453,1790232660.9292266
adaptive,test/後退,3686400,3.6864,25.700000762939453,1790232776.6065273
adaptive,test/後退,4915200,4.9152,25.700000762939453,1790232932.071456
adaptive,test/後退,6144000,6.144,25.799999237060547,1790233082.3819644
adaptive,test/後退,7372800,7.3728,25.700000762939453,1790233236.905853
adaptive,test/後退,8601600,8.6016,25.799999237060547,1790233391.9238172
adaptive,test/後退,9830400,9.8304,25.700000762939453,1790233515.5609217
adaptive,test/後退,11059200,11.0592,25.700000762939453,1790233633.4623623
adaptive,test/後退,12288000,12.288,25.799999237060547,1790233751.4776106
adaptive,test/後退,13516800,13.5168,25.799999237060547,1790233866.4584494
adaptive,test/後退,14745600,14.7456,25.700000762939453,1790233988.0480785
adaptive,test/後退,15974400,15.9744,25.700000762939453,1790234147.215356
adaptive,test/後退_survival,12288,0.012288,1.0,1790232442.9516623
adaptive,test/後退_survival,1228800,1.2288,1.0,1790232550.0585768
adaptive,test/後退_survival,2457600,2.4576,1.0,1790232660.9293594
adaptive,test/後退_survival,3686400,3.6864,1.0,1790232776.6066587
adaptive,test/後退_survival,4915200,4.9152,1.0,1790232932.0715897
adaptive,test/後退_survival,6144000,6.144,1.0,1790233082.3820963
adaptive,test/後退_survival,7372800,7.3728,1.0,1790233236.9059823
adaptive,test/後退_survival,8601600,8.6016,1.0,1790233391.923949
adaptive,test/後退_survival,9830400,9.8304,1.0,1790233515.5610518
adaptive,test/後退_survival,11059200,11.0592,1.0,1790233633.4624906
adaptive,test/後退_survival,12288000,12.288,1.0,1790233751.4777448
adaptive,test/後退_survival,13516800,13.5168,1.0,1790233866.458578
adaptive,test/後退_survival,14745600,14.7456,1.0,1790233988.0482192
adaptive,test/後退_survival,15974400,15.9744,1.0,1790234147.215485
adaptive,test/後退_tracking,12288,0.012288,0.02576380968093872,1790232442.9517958
adaptive,test/後退_tracking,1228800,1.2288,0.024906516075134277,1790232550.0587122
adaptive,test/後退_tracking,2457600,2.4576,0.025918960571289062,1790232660.9295092
adaptive,test/後退_tracking,3686400,3.6864,0.02562999725341797,1790232776.6067903
adaptive,test/後退_tracking,4915200,4.9152,0.024408578872680664,1790232932.0717206
adaptive,test/後退_tracking,6144000,6.144,0.024837732315063477,1790233082.3822267
adaptive,test/後退_tracking,7372800,7.3728,0.025381624698638916,1790233236.9061105
adaptive,test/後退_tracking,8601600,8.6016,0.025333762168884277,1790233391.9240801
adaptive,test/後退_tracking,9830400,9.8304,0.023697614669799805,1790233515.5611799
adaptive,test/後退_tracking,11059200,11.0592,0.025206804275512695,1790233633.4626167
adaptive,test/後退_tracking,12288000,12.288,0.024362921714782715,1790233751.4778757
adaptive,test/後退_tracking,13516800,13.5168,0.02575051784515381,1790233866.458707
adaptive,test/後退_tracking,14745600,14.7456,0.025045573711395264,1790233988.0483522
adaptive,test/後退_tracking,15974400,15.9744,0.02512115240097046,1790234147.2156124
adaptive,train/contact_only_rate,12288,0.012288,0.0,1790232442.9581633
adaptive,train/contact_only_rate,1228800,1.2288,0.0,1790232550.0631828
adaptive,train/contact_only_rate,2457600,2.4576,0.0,1790232660.9367728
adaptive,train/contact_only_rate,3686400,3.6864,0.0,1790232776.6115067
adaptive,train/contact_only_rate,4915200,4.9152,0.0,1790232932.0761342
adaptive,train/contact_only_rate,6144000,6.144,0.0,1790233082.3867283
adaptive,train/contact_only_rate,7372800,7.3728,0.0,1790233236.9111402
adaptive,train/contact_only_rate,8601600,8.6016,0.0,1790233391.9283705
adaptive,train/contact_only_rate,9830400,9.8304,0.0,1790233515.5659244
adaptive,train/contact_only_rate,11059200,11.0592,0.0,1790233633.467006
adaptive,train/contact_only_rate,12288000,12.288,0.0,1790233751.4824862
adaptive,train/contact_only_rate,13516800,13.5168,0.0,1790233866.463576
adaptive,train/contact_only_rate,14745600,14.7456,0.0,1790233988.0530858
adaptive,train/contact_only_rate,15974400,15.9744,0.0,1790234147.2216463
adaptive,train/decap_factor_last,12288,0.012288,1.0,1790232442.9446905
adaptive,train/decap_factor_last,1228800,1.2288,0.949999988079071,1790232550.0523381
adaptive,train/decap_factor_last,2457600,2.4576,0.9024999737739563,1790232660.922761
adaptive,train/decap_factor_last,3686400,3.6864,0.8573750257492065,1790232776.600703
adaptive,train/decap_factor_last,4915200,4.9152,0.8145062327384949,1790232932.0656233
adaptive,train/decap_factor_last,6144000,6.144,0.7737809419631958,1790233082.3755326
adaptive,train/decap_factor_last,7372800,7.3728,0.7350918650627136,1790233236.8997889
adaptive,train/decap_factor_last,8601600,8.6016,0.6983373165130615,1790233391.9165819
adaptive,train/decap_factor_last,9830400,9.8304,0.6634204387664795,1790233515.5547628
adaptive,train/decap_factor_last,11059200,11.0592,0.6302493810653687,1790233633.4566243
adaptive,train/decap_factor_last,12288000,12.288,0.5987369418144226,1790233751.4714642
adaptive,train/decap_factor_last,13516800,13.5168,0.5688000917434692,1790233866.4530115
adaptive,train/decap_factor_last,14745600,14.7456,0.5403600931167603,1790233988.0391579
adaptive,train/decap_factor_last,15974400,15.9744,0.5133420825004578,1790234147.2093854
adaptive,train/decap_factor_mean,12288,0.012288,1.0,1790232442.944525
adaptive,train/decap_factor_mean,1228800,1.2288,0.949999988079071,1790232550.0522013
adaptive,train/decap_factor_mean,2457600,2.4576,0.9024999737739563,1790232660.9226282
adaptive,train/decap_factor_mean,3686400,3.6864,0.8573750257492065,1790232776.6005683
adaptive,train/decap_factor_mean,4915200,4.9152,0.8145062327384949,1790232932.0654855
adaptive,train/decap_factor_mean,6144000,6.144,0.7737809419631958,1790233082.3753996
adaptive,train/decap_factor_mean,7372800,7.3728,0.7350918650627136,1790233236.8996565
adaptive,train/decap_factor_mean,8601600,8.6016,0.6983373165130615,1790233391.9164507
adaptive,train/decap_factor_mean,9830400,9.8304,0.6634204387664795,1790233515.5546286
adaptive,train/decap_factor_mean,11059200,11.0592,0.6302493810653687,1790233633.4564967
adaptive,train/decap_factor_mean,12288000,12.288,0.5987369418144226,1790233751.4713323
adaptive,train/decap_factor_mean,13516800,13.5168,0.5688000917434692,1790233866.4528816
adaptive,train/decap_factor_mean,14745600,14.7456,0.5403600931167603,1790233988.0390236
adaptive,train/decap_factor_mean,15974400,15.9744,0.5133420825004578,1790234147.2092464
adaptive,train/episode_length,1228800,1.2288,488.65826416015625,1790232550.0520623
adaptive,train/episode_length,2457600,2.4576,493.1703796386719,1790232660.9224925
adaptive,train/episode_length,3686400,3.6864,495.0666809082031,1790232776.6004288
adaptive,train/episode_length,4915200,4.9152,496.7882995605469,1790232932.065336
adaptive,train/episode_length,6144000,6.144,498.3563537597656,1790233082.3752668
adaptive,train/episode_length,7372800,7.3728,498.786865234375,1790233236.89952
adaptive,train/episode_length,8601600,8.6016,499.7884216308594,1790233391.9163167
adaptive,train/episode_length,9830400,9.8304,499.85858154296875,1790233515.5544918
adaptive,train/episode_length,11059200,11.0592,499.97369384765625,1790233633.4563694
adaptive,train/episode_length,12288000,12.288,499.956298828125,1790233751.4712029
adaptive,train/episode_length,13516800,13.5168,500.0,1790233866.4527497
adaptive,train/episode_length,14745600,14.7456,500.0,1790233988.038895
adaptive,train/episode_length,15974400,15.9744,500.0,1790234147.2091157
adaptive,train/episode_style,1228800,1.2288,27.274856567382812,1790232550.051788
adaptive,train/episode_style,2457600,2.4576,26.17546844482422,1790232660.9222267
adaptive,train/episode_style,3686400,3.6864,24.608224868774414,1790232776.6001482
adaptive,train/episode_style,4915200,4.9152,23.103572845458984,1790232932.06507
adaptive,train/episode_style,6144000,6.144,21.441795349121094,1790233082.3750026
adaptive,train/episode_style,7372800,7.3728,19.879655838012695,1790233236.8992503
adaptive,train/episode_style,8601600,8.6016,18.322139739990234,1790233391.9160564
adaptive,train/episode_style,9830400,9.8304,16.74665641784668,1790233515.554224
adaptive,train/episode_style,11059200,11.0592,14.90743350982666,1790233633.4561117
adaptive,train/episode_style,12288000,12.288,13.028300285339355,1790233751.4709406
adaptive,train/episode_style,13516800,13.5168,10.917892456054688,1790233866.4524848
adaptive,train/episode_style,14745600,14.7456,9.648286819458008,1790233988.0386312
adaptive,train/episode_style,15974400,15.9744,8.63916015625,1790234147.2088528
adaptive,train/episode_task,1228800,1.2288,23.193689346313477,1790232550.0519266
adaptive,train/episode_task,2457600,2.4576,23.030750274658203,1790232660.9223597
adaptive,train/episode_task,3686400,3.6864,22.810842514038086,1790232776.6002924
adaptive,train/episode_task,4915200,4.9152,22.593229293823242,1790232932.065205
adaptive,train/episode_task,6144000,6.144,22.397775650024414,1790233082.375137
adaptive,train/episode_task,7372800,7.3728,22.300992965698242,1790233236.8993874
adaptive,train/episode_task,8601600,8.6016,22.17516326904297,1790233391.9161873
adaptive,train/episode_task,9830400,9.8304,22.06874656677246,1790233515.5543602
adaptive,train/episode_task,11059200,11.0592,21.859769821166992,1790233633.4562414
adaptive,train/episode_task,12288000,12.288,21.878955841064453,1790233751.471073
adaptive,train/episode_task,13516800,13.5168,21.586118698120117,1790233866.4526186
adaptive,train/episode_task,14745600,14.7456,21.69338035583496,1790233988.0387647
adaptive,train/episode_task,15974400,15.9744,21.866924285888672,1790234147.2089844
adaptive,train/episode_total,1228800,1.2288,50.468505859375,1790232550.0516374
adaptive,train/episode_total,2457600,2.4576,49.20625686645508,1790232660.9220736
adaptive,train/episode_total,3686400,3.6864,47.41908264160156,1790232776.5999942
adaptive,train/episode_total,4915200,4.9152,45.69676971435547,1790232932.06492
adaptive,train/episode_total,6144000,6.144,43.83959197998047,1790233082.3748572
adaptive,train/episode_total,7372800,7.3728,42.18064880371094,1790233236.899104
adaptive,train/episode_total,8601600,8.6016,40.49728775024414,1790233391.9159162
adaptive,train/episode_total,9830400,9.8304,38.8154296875,1790233515.5540812
adaptive,train/episode_total,11059200,11.0592,36.76723098754883,1790233633.4559686
adaptive,train/episode_total,12288000,12.288,34.907230377197266,1790233751.4707983
adaptive,train/episode_total,13516800,13.5168,32.50401306152344,1790233866.4523404
adaptive,train/episode_total,14745600,14.7456,31.3416805267334,1790233988.0384872
adaptive,train/episode_total,15974400,15.9744,30.506086349487305,1790234147.2087133
adaptive,train/fallen_rate,12288,0.012288,0.0,1790232442.9575136
adaptive,train/fallen_rate,1228800,1.2288,0.0001528961438452825,1790232550.0627115
adaptive,train/fallen_rate,2457600,2.4576,0.00012451171642169356,1790232660.9361877
adaptive,train/fallen_rate,3686400,3.6864,9.033203241415322e-05,1790232776.611031
adaptive,train/fallen_rate,4915200,4.9152,5.533854346140288e-05,1790232932.075654
adaptive,train/fallen_rate,6144000,6.144,2.9296874345163815e-05,1790233082.38618
adaptive,train/fallen_rate,7372800,7.3728,2.0345052689663135e-05,1790233236.9106717
adaptive,train/fallen_rate,8601600,8.6016,7.324218586290954e-06,1790233391.9278998
adaptive,train/fallen_rate,9830400,9.8304,2.441406195430318e-06,1790233515.565454
adaptive,train/fallen_rate,11059200,11.0592,8.138021030390519e-07,1790233633.4665456
adaptive,train/fallen_rate,12288000,12.288,1.6276042060781037e-06,1790233751.4820216
adaptive,train/fallen_rate,13516800,13.5168,0.0,1790233866.4631145
adaptive,train/fallen_rate,14745600,14.7456,0.0,1790233988.0525472
adaptive,train/fallen_rate,15974400,15.9744,0.0,1790234147.2211645
adaptive,train/prior_after_eval,12288,0.012288,0.949999988079071,1790232442.9591475
adaptive,train/prior_after_eval,1228800,1.2288,0.9024999737739563,1790232550.0650263
adaptive,train/prior_after_eval,2457600,2.4576,0.8573750257492065,1790232660.9384108
adaptive,train/prior_after_eval,3686400,3.6864,0.8145062327384949,1790232776.6134484
adaptive,train/prior_after_eval,4915200,4.9152,0.7737809419631958,1790232932.0803814
adaptive,train/prior_after_eval,6144000,6.144,0.7350918650627136,1790233082.3916075
adaptive,train/prior_after_eval,7372800,7.3728,0.6983373165130615,1790233236.9143353
adaptive,train/prior_after_eval,8601600,8.6016,0.6634204387664795,1790233391.9325366
adaptive,train/prior_after_eval,9830400,9.8304,0.6302493810653687,1790233515.5703564
adaptive,train/prior_after_eval,11059200,11.0592,0.5987369418144226,1790233633.4710052
adaptive,train/prior_after_eval,12288000,12.288,0.5688000917434692,1790233751.4834156
adaptive,train/prior_after_eval,13516800,13.5168,0.5403600931167603,1790233866.4645598
adaptive,train/prior_after_eval,14745600,14.7456,0.5133420825004578,1790233988.054383
adaptive,train/prior_after_eval,15974400,15.9744,0.4876749813556671,1790234147.2243342
adaptive,train/raw_collision_body_count,12288,0.012288,3.000244140625,1790232442.9578352
adaptive,train/raw_collision_body_count,1228800,1.2288,3.2684452533721924,1790232550.0629442
adaptive,train/raw_collision_body_count,2457600,2.4576,3.2958829402923584,1790232660.936479
adaptive,train/raw_collision_body_count,3686400,3.6864,3.3309993743896484,1790232776.6112676
adaptive,train/raw_collision_body_count,4915200,4.9152,3.3615918159484863,1790232932.075887
adaptive,train/raw_collision_body_count,6144000,6.144,3.3836441040039062,1790233082.3864534
adaptive,train/raw_collision_body_count,7372800,7.3728,3.409001350402832,1790233236.9109035
adaptive,train/raw_collision_body_count,8601600,8.6016,3.4306273460388184,1790233391.9281352
adaptive,train/raw_collision_body_count,9830400,9.8304,3.443392753601074,1790233515.5656867
adaptive,train/raw_collision_body_count,11059200,11.0592,3.447077751159668,1790233633.4667714
adaptive,train/raw_collision_body_count,12288000,12.288,3.434633731842041,1790233751.4822524
adaptive,train/raw_collision_body_count,13516800,13.5168,3.3796956539154053,1790233866.4633439
adaptive,train/raw_collision_body_count,14745600,14.7456,3.3296802043914795,1790233988.0528154
adaptive,train/raw_collision_body_count,15974400,15.9744,3.305828332901001,1790234147.2214031
adaptive,train/rollout_reward_per_step,12288,0.012288,0.11308865994215012,1790232442.9427052
adaptive,train/rollout_reward_per_step,1228800,1.2288,0.10173600912094116,1790232550.0508006
adaptive,train/rollout_reward_per_step,2457600,2.4576,0.0970337763428688,1790232660.921272
adaptive,train/rollout_reward_per_step,3686400,3.6864,0.09578873962163925,1790232776.5992074
adaptive,train/rollout_reward_per_step,4915200,4.9152,0.09222980588674545,1790232932.0642018
adaptive,train/rollout_reward_per_step,6144000,6.144,0.08666613698005676,1790233082.3741446
adaptive,train/rollout_reward_per_step,7372800,7.3728,0.08352228999137878,1790233236.8985155
adaptive,train/rollout_reward_per_step,8601600,8.6016,0.08062148094177246,1790233391.9153934
adaptive,train/rollout_reward_per_step,9830400,9.8304,0.07761576026678085,1790233515.5534954
adaptive,train/rollout_reward_per_step,11059200,11.0592,0.07385718822479248,1790233633.4551973
adaptive,train/rollout_reward_per_step,12288000,12.288,0.07101071625947952,1790233751.4700546
adaptive,train/rollout_reward_per_step,13516800,13.5168,0.06508448719978333,1790233866.4515598
adaptive,train/rollout_reward_per_step,14745600,14.7456,0.059988781809806824,1790233988.0377212
adaptive,train/rollout_reward_per_step,15974400,15.9744,0.06023028865456581,1790234147.2081673
adaptive,train/rollout_terminations,12288,0.012288,0.0,1790232442.9443383
adaptive,train/rollout_terminations,1228800,1.2288,12.0,1790232550.0514672
adaptive,train/rollout_terminations,2457600,2.4576,7.0,1790232660.921899
adaptive,train/rollout_terminations,3686400,3.6864,20.0,1790232776.5998256
adaptive,train/rollout_terminations,4915200,4.9152,4.0,1790232932.0647538
adaptive,train/rollout_terminations,6144000,6.144,211.0,1790233082.3746881
adaptive,train/rollout_terminations,7372800,7.3728,20.0,1790233236.8989463
adaptive,train/rollout_terminations,8601600,8.6016,11.0,1790233391.9157615
adaptive,train/rollout_terminations,9830400,9.8304,21.0,1790233515.5539227
adaptive,train/rollout_terminations,11059200,11.0592,4.0,1790233633.4558027
adaptive,train/rollout_terminations,12288000,12.288,199.0,1790233751.4706304
adaptive,train/rollout_terminations,13516800,13.5168,19.0,1790233866.4521825
adaptive,train/rollout_terminations,14745600,14.7456,11.0,1790233988.0383224
adaptive,train/rollout_terminations,15974400,15.9744,21.0,1790234147.2085593
